account_id,customer_id,card_limit,minimum_payment_ratio,interest_rate,revolving_enrolled_date,persona_tier
8f44cfcb-1791-4f30-bfb7-cc93859a7382,e5bb73a2-2574-4852-9c85-8af26a6bf8e0,6000000,0.2432,0.165,2024-10-01,medium
60bae007-159d-4c74-9df7-edd1b828bb0e,21f38bef-e99a-4cce-bc83-14a3e9b7d0a4,4000000,0.1714,0.165,2025-03-01,low
b9b0db5f-99b1-40c0-840e-41fc4237aa99,a325b6ae-ba09-45b3-a29d-d45e87be504b,4000000,0.2704,0.165,2025-05-01,low
5f329d9c-9681-4e90-9282-ae8c32309cf5,492a28b1-8d32-43ef-bb84-5636617575a1,3000000,0.1482,0.165,2025-09-01,medium
6578fcaf-b6fe-4c1d-81d0-c4907a9461a9,3d5a6e6c-4fc7-46a5-a2c9-0ffcf3bac87c,3000000,0.2077,0.165,2025-06-01,high
742caa69-ce93-4b3a-ae00-aeb886080482,85a27adf-60c5-4b3b-8928-0614891367b1,5000000,0.1368,0.165,2024-11-01,high
96504fbf-f927-41e3-b935-cdf56bf00c79,5d67fa73-35e2-4cf9-afd9-2ee8840baa02,7000000,0.1991,0.165,2025-04-01,medium
19e30ff0-d649-4916-ad96-781307cc22ef,7fb528ad-bce8-4d7d-8d2f-6ec218a39817,4000000,0.1305,0.165,2024-11-01,medium
05f42960-6838-4c99-b4da-6e76d1beec85,5f696ac9-d89e-4bbb-a754-70a0db748ab1,5000000,0.1323,0.165,2025-03-01,medium
e70c0f06-83a8-4cb0-bf13-f41523081695,5578b5cd-c376-41b8-96a9-ac5cb0b37f54,7000000,0.2224,0.165,2025-03-01,medium
751a12da-387c-414e-8300-a9755a16046e,19d984cf-737a-4b93-a515-c579bacdaa68,6000000,0.1528,0.165,2025-04-01,medium
eda4fd09-a930-4889-a5b0-5c220c3c0729,30d7264f-5bd9-402d-8578-154a01b82263,3000000,0.1345,0.165,2025-03-01,medium
1eca9724-f684-451c-9b32-c7c8ff46827a,279d7b0c-95d9-4a4d-98d1-83aeff08d4c7,5000000,0.286,0.165,2025-09-01,medium
ac89e88a-aa41-4902-9824-aee8b5f69016,d8e00eb6-2365-4412-b903-de8feb35f048,3000000,0.1086,0.165,2025-09-01,high
775c1800-5b82-4d10-acad-87fdbe4a2554,eabe52e0-8f16-4502-9b03-3a8c3e96301e,4000000,0.213,0.165,2025-04-01,medium
938fc2bb-e8b0-4ffd-bca0-41a0ce1d45de,cc6914c9-c75e-4786-82ba-01a3cc5f051e,4000000,0.2097,0.165,2025-02-01,low
2c4fc295-d31e-4f39-afd4-f6202ac8bf49,475c2bce-6a31-432e-8cd5-2340fcb4b10b,6000000,0.1501,0.165,2025-03-01,low
79b40b38-fcc9-47a5-903c-6e44eb0abd14,94364a44-951b-45da-88d2-4db35bfa0b1f,3000000,0.1906,0.165,2025-04-01,medium
1dcb55d6-7350-4216-af4c-aa39d51931d8,885072c8-624f-4b93-aa4c-0e1fab139111,4000000,0.1175,0.165,2025-06-01,medium
087a0ea4-0ee8-49e5-af16-a92d46c09bae,e910fd31-857f-4c03-ac99-ac1a7dc7eca3,4000000,0.2443,0.165,2025-01-01,medium
93d8de4e-f1e9-4ae6-916c-237386c19427,2753a7d9-e07b-4461-a4fa-b9a2520d9664,4000000,0.1443,0.165,2025-02-01,high
6dd009bd-e70d-47d3-964d-71618fe030f3,b52fcafb-a224-4d96-a50e-a46ce7748b60,6000000,0.1387,0.165,2025-09-01,low
73bb2dea-8f15-426c-aded-628a4d341ca3,a92ab10a-46b2-4e52-b4cb-648227ab5e36,4000000,0.163,0.165,2025-04-01,medium
090b1cfd-4f78-44b9-b281-9d9ca74786a1,bf3c46d6-00f1-4bc6-a180-c1acc2b18b69,4000000,0.2805,0.165,2025-01-01,high
19839277-8562-41bd-938c-063962f0a922,a394e7a8-f172-468b-8c29-54d9bde90cac,5000000,0.2593,0.165,2024-12-01,medium
9a1122a6-901a-4d9b-8c04-7ac0e3e515d6,38c57311-49be-4a18-a2e8-399b6d3baa2f,6000000,0.2894,0.165,2025-06-01,medium
ee02d51f-b13b-448f-87d5-e0b7d8010e3c,1983ac1c-5921-4bfd-865b-59df4d699a7e,3000000,0.2304,0.165,2024-10-01,low
aa96f190-998e-43ec-ba51-9743947ea4c1,770b91e3-343f-4763-b2b3-f02ab99fd5d2,7000000,0.2326,0.165,2025-02-01,medium
0ac0afe2-564a-4c05-8021-515b5973f0df,56d419bc-c26e-4662-a5ee-72009b8c0693,7000000,0.196,0.165,2025-04-01,high
4dae08d3-2b8f-4828-830c-e44eda023005,a3aa6562-bfde-40ed-9c7f-632c7e54ec12,6000000,0.281,0.165,2025-02-01,high
c2255a75-f374-4fdb-b2c7-0483d768bb92,23291c9f-6394-4cbe-96e2-4788f3dff6dd,5000000,0.2022,0.165,2024-11-01,medium
14594170-ef22-4f80-88aa-6940be09d12d,26709150-379b-46fc-a9fd-e3f049f893f5,6000000,0.171,0.165,2025-07-01,low
f68aebae-c81c-4ad1-b7e0-70a2702c0456,b4e93cd4-b98c-4e68-90bc-5d9777c7c67b,5000000,0.2281,0.165,2025-08-01,medium
44a9f166-56db-4800-8090-59f5ccb3b20c,1b6a5069-b8c2-43e5-900b-d66bd3d22825,4000000,0.2092,0.165,2025-04-01,high
c7b0fa7c-bb09-46f1-9770-6636b57fbe6d,bcd886cc-398e-403a-a579-6cf6dd435fec,4000000,0.1248,0.165,2025-08-01,low
94b54abf-5017-4cd2-8656-b068185d7430,36ec0c01-d30d-4ee6-a25f-d50ed966d2d7,3000000,0.1785,0.165,2024-11-01,high
7ab66b0a-7d02-47d4-9adb-9141e72d0c30,2ef28d50-ffb2-4931-8db2-4fa78366dae0,7000000,0.1627,0.165,2024-10-01,low
e717e799-3065-4511-8b8b-350210cd01ea,e0c2e133-f172-4f68-a2bc-989f1f692e91,4000000,0.2694,0.165,2025-02-01,low
9a229af4-e5ab-4345-a0f0-6b8db4a70012,eb9ed9ff-6958-4bff-bfc9-743f8637a671,4000000,0.1758,0.165,2024-10-01,low
7ed8dd22-1956-4a76-ad36-6a3bfbdf655e,b4beaf9a-ec09-483c-9026-b394aea8f241,7000000,0.2643,0.165,2025-09-01,low
f020b600-b332-4043-990a-e0d6efe58c0c,0aad76de-33f2-4a0d-be8a-1a8c2b059b57,5000000,0.1885,0.165,2025-02-01,high
78c79e24-0392-4faa-a437-3ae39c977efe,d865405a-e60c-49ac-9610-eb8fa87770d4,6000000,0.2507,0.165,2025-04-01,medium
fef406e6-c02e-465c-a5c2-ac4494eb5f2d,f4799858-89fa-428a-8f50-714405eb15df,4000000,0.1271,0.165,2025-06-01,low
6f6c53b1-1678-47f8-885c-96c025bbf1df,b4bdd168-f52b-4aff-be69-417695cd6454,4000000,0.2849,0.165,2025-06-01,medium
16a01beb-be82-4f4d-b7e1-1d39acbdf9a1,29d990a3-53f7-4f38-95a0-c169252ef5b8,6000000,0.1961,0.165,2025-03-01,medium
c45ed50d-f7a6-498b-a35e-68f7ee46a1f9,270a9dd4-da9f-44a4-8cfd-1ab236093b2d,5000000,0.152,0.165,2025-02-01,low
c258c808-12cb-42d8-b98e-1259ddae83cb,bc6f5203-fb64-4729-a8e0-b553b295938b,3000000,0.1483,0.165,2025-08-01,low
098ef37e-c5ec-4db2-b94b-44fcee17a73b,9e17938c-dc4e-4968-a67d-a465270b1f08,7000000,0.153,0.165,2025-02-01,medium
8d2762f1-36ec-4077-8617-fb0b9c12abf5,9ae1ae13-c9ad-4d4f-a641-dfa8a6e0d047,5000000,0.1733,0.165,2024-10-01,low
dae967be-f4d2-4964-a766-0b43b1aa65f5,18676baa-44a0-45aa-b8bd-93e8b31b073d,6000000,0.2435,0.165,2025-09-01,high
f202f772-bf5a-47df-8d56-049c09e57f80,98cc29aa-0c61-43e7-93b6-c2d0edcdf080,4000000,0.2899,0.165,2024-11-01,low
323e1830-b7e4-492a-b79c-0cbdbbf725ad,2536c4a1-0fe6-433b-a261-6d8518fa3a57,5000000,0.2338,0.165,2025-02-01,high
d7caf004-e724-42d0-80fc-42af5fb3c23b,d5270246-bf67-4edf-9fc9-4d6ea2b39dbe,6000000,0.2094,0.165,2025-05-01,high
ff4f8f55-bec5-42fb-acf0-f60c5b5a14ba,17a756d7-1a69-40d3-b861-6b1ea1e41071,7000000,0.1897,0.165,2025-01-01,low
d8a41b08-75c1-4628-ad2c-c614f2cb5db2,eff51480-cce8-4aec-80c4-d36a4b006dc4,4000000,0.2656,0.165,2025-02-01,low
cab41087-c44d-4b08-8e5c-67fb16bbf6c9,83e81ae1-96b9-4519-a6bb-a64ff5b9acbb,6000000,0.2699,0.165,2024-12-01,high
f6c47977-46e5-4e25-ad57-1de2ad0c417e,46f4c6a2-d1e7-4ff6-bee9-00653e809b62,7000000,0.1586,0.165,2025-09-01,medium
7dede2c2-0b78-4996-8692-25bbf0166b3f,00ca33c1-388c-4b7e-a3f8-802e8c136547,6000000,0.2907,0.165,2025-09-01,medium
90385b75-f8e3-4f1c-980d-ddacd1d8e369,61eade22-7348-4851-b15a-bf0c50d875cb,3000000,0.179,0.165,2025-02-01,low
efff1e5b-c70d-4185-8c58-facc6c8f14ae,7337ec7a-ecb6-4fb5-845d-755e5de49ace,3000000,0.26,0.165,2025-06-01,low
7fc532c4-dc81-459d-a242-b9baf498c27c,9e96877b-75a1-4e86-9d1f-2879dd3c2544,4000000,0.2934,0.165,2025-07-01,medium
b33af167-2bf3-4fd3-ae6a-18b29da75b30,eb8c9532-81d0-4893-b772-3ae1c96c6b63,3000000,0.2407,0.165,2025-04-01,high
c19ec5c9-4d37-4f56-9298-088245466c2c,9482d9d9-9a6d-4d09-8d62-834b40adf486,6000000,0.1323,0.165,2025-01-01,low
366927da-6e68-4655-bd41-10dce4f5c3cf,e8658d64-e14f-46c7-a149-6121734152a3,7000000,0.2172,0.165,2025-07-01,high
83fb1aa9-e1c1-4854-83a8-b52df3726e70,fad0e9f4-6043-4494-905c-bfdf66658948,5000000,0.1238,0.165,2024-10-01,medium
26c95841-2be3-4c08-9dfd-0dca9909561a,2886cf86-4e06-4b4e-942f-2b223cf045a8,5000000,0.2578,0.165,2025-04-01,low
ab6553d3-6180-47e4-ae8c-4add4a3c2840,175b993b-ae4f-4978-86ef-ff8ce86f0b64,6000000,0.1563,0.165,2025-08-01,low
78411ca6-c116-4a15-9d72-a79a9f274fee,baeaf75f-6cc4-4fcf-8eb8-936289fa6205,5000000,0.239,0.165,2025-09-01,low
5d3fc9ec-014c-407b-b0ed-e792a0499c42,d72fe996-ff2a-4a86-9cd1-874710accb24,5000000,0.282,0.165,2024-11-01,medium
9fca8ff8-57f3-445c-b37c-5923487c0e7d,8490becc-2443-4aa4-a0bd-afe4c23f57d6,5000000,0.1362,0.165,2025-08-01,medium
c43b924a-2a63-44af-98f0-963c6032772e,a95be12f-5a4f-4ca7-a1b9-349e45ed1472,4000000,0.1786,0.165,2025-04-01,medium
5516d4ff-9773-4411-9d05-6162d6770444,80f360ff-3992-4313-be2b-b0b4e42393f4,3000000,0.2294,0.165,2025-01-01,low
fb184296-61ab-4acb-b043-555dd2c71b93,a39a39b3-db25-4fc3-8429-c0183b47fea6,5000000,0.1839,0.165,2025-03-01,medium
1a34f546-473f-45f4-84a2-0c5a80efb0b8,d0870dd3-b352-4af0-b669-19624f3a62e3,7000000,0.135,0.165,2025-06-01,medium
bf83c297-d11f-4de0-bd97-4be4b84e5ffe,0a29dbf1-a26a-4e87-a7d9-dbcccb7b622e,3000000,0.1058,0.165,2025-08-01,medium
7475b3df-a6b0-4fab-a3da-2bd1ccb89996,2345a557-7898-499a-b743-4fcea4c2f06c,4000000,0.1813,0.165,2025-01-01,medium
74561373-0e2d-4a98-9f6a-72400bef3139,5fd7fea6-34dd-4f99-9050-8c990b29a5ec,4000000,0.2298,0.165,2025-04-01,low
ee38cdba-fe42-47e7-8bf8-f0924105fd65,c461ba42-6158-4d6c-9cc9-a022bf4040e7,7000000,0.2148,0.165,2025-09-01,medium
003c0990-97c7-49ff-be62-0785cd8ed279,46ab64e0-95c3-4f96-aec7-c2e96bce4d49,5000000,0.1312,0.165,2025-07-01,medium
d4f30bb4-152f-4ecf-8b99-75f06a2e5e50,38152102-3c0a-433e-81d0-3dabab5c92ac,5000000,0.1901,0.165,2025-03-01,medium
32f6bff4-b9b1-4936-88c4-38939f686bd6,098c06ed-b6cb-42b6-8cc8-c3d742181057,6000000,0.1739,0.165,2025-07-01,low
6de603d8-d836-4bbc-be76-f0120f63834f,8c620c88-4c5b-4d8c-a914-6b517a359a94,4000000,0.1548,0.165,2025-05-01,medium
b85396ec-bf03-43e1-96c1-b7f4fd9d1886,70d01dfa-8954-48b0-9e12-856dd979fadf,6000000,0.2459,0.165,2025-08-01,medium
84ed6b57-bb1d-415f-8407-d86d23868ef0,96f6515e-4eba-44bd-b103-4502ec4eb5e3,3000000,0.1619,0.165,2024-12-01,low
3f803100-acc2-4ff8-acc4-b62eeacd2f83,182afdf6-9f73-4a01-bf37-6ae4754d18ce,3000000,0.208,0.165,2025-02-01,high
cd40bcac-0aab-4ba6-823d-874ae3a3c98c,74d7cf90-a013-4999-88ea-eb1d71fbf71d,7000000,0.2846,0.165,2024-12-01,high
1467109d-cad7-404f-937a-5eda934dff5d,8b7e642d-1594-4ec3-9593-7331c4347eb8,6000000,0.2079,0.165,2025-09-01,low
49f342f7-0947-4dbe-8aa0-95b17c98fcab,479c171b-5c62-4b36-9307-7bfe1a2774cd,3000000,0.2234,0.165,2025-05-01,medium
4f48a283-fe47-414b-990b-a5ec0d30524c,d1874905-a2cb-4b20-b4e2-bf33dbe18b42,5000000,0.1146,0.165,2025-06-01,medium
09049eb6-f695-41a6-af2f-f23ecb67a329,fe51c0c5-d545-4cf5-8122-446e540ffe7e,3000000,0.1356,0.165,2025-02-01,high
21a0043e-ad05-4801-be9d-9bba069cb0f2,e01e36be-c1f6-4a32-aa82-3173af38c69d,6000000,0.1202,0.165,2024-12-01,low
304a250f-a0ff-42b4-ad55-e713bc0b6f65,966efc5e-5045-4b27-869d-e3215bb368e2,6000000,0.253,0.165,2025-07-01,low
dbb945be-b9ec-471e-9121-ecec1f44917e,97abd53c-932a-4627-ac31-ace55aba8f0a,4000000,0.2672,0.165,2024-12-01,medium
2b4b33fc-fcb2-4d5d-a76e-9cac9eb943d5,0f071470-81ff-45a0-a332-a4841aeb4f0f,4000000,0.1373,0.165,2025-03-01,low
ab6a746f-ebc9-4ab7-b238-17d34570267a,ab93bf99-8044-4820-ab4f-3a8717dfbef1,4000000,0.1439,0.165,2024-12-01,medium
b268db3e-a04f-41d2-ba2e-40a2ae2bb408,7f778fb0-adb6-4f3d-a39d-2d58626dada3,4000000,0.1646,0.165,2025-09-01,medium
868eba12-bd67-4f55-922a-17748a956241,af01979e-5c50-4aee-b4cf-43785daa9593,4000000,0.2182,0.165,2024-10-01,low
8fa4c57e-e35b-48ae-b211-5b4fa69fc00f,c35b5869-6a38-4888-ac47-a9107e0e42c3,4000000,0.2244,0.165,2025-04-01,medium
8cad464b-93d6-42de-aacc-f83bbbcd0920,e3a34933-d0c6-4ab4-a8f9-811fb19f9afa,5000000,0.2374,0.165,2025-06-01,high
b6cff8ad-90e9-4195-8841-a300881a2122,65d8a58d-11ff-4966-af30-faa5f4a7c1e5,7000000,0.281,0.165,2025-07-01,high
e5544f6c-c421-4ff4-ab75-3d295b4eb1d9,c4ab74f6-9296-4356-9e2f-3bef3e17aa43,6000000,0.159,0.165,2024-10-01,medium
a11dd8ec-47d5-43d1-ab05-3c339aa7294f,52ebe34b-0054-422a-87c1-e01bcc67f644,4000000,0.2318,0.165,2024-11-01,low
71855253-e31c-4c08-af30-c4f44e01aa4d,349adc9d-468d-40d4-86ed-5083ca3d241d,7000000,0.2119,0.165,2025-08-01,low
1aacea58-9e7b-4c29-97f2-82c085b25a68,d693c89c-eef4-47a5-aae9-39afffcd880c,4000000,0.1612,0.165,2025-04-01,high
f06375de-baac-4315-a57a-53d96495627e,7fcfd5fa-2a01-4518-ad1c-4897010b55ac,7000000,0.2815,0.165,2025-01-01,high
1eed46b2-fadc-4d14-8ada-c6bfaf76beb0,914f7429-bcb3-4cab-8bbd-fcd26175f9ad,4000000,0.1191,0.165,2025-02-01,medium
39eb20c1-e8ae-461e-be52-091ab213bdfa,b7754af8-2980-4946-963d-d3c722f74a6b,5000000,0.2424,0.165,2025-07-01,high
ec38c0d7-03be-4846-965c-b1accf9cdf54,82ba49b9-1830-4bb5-94d1-6bebb3b4739b,4000000,0.2456,0.165,2025-05-01,low
83a833d3-64a9-4a91-8d06-9fea9474bdc7,d7da44cd-edc3-4e34-a2d2-5a43ee6750cb,6000000,0.2831,0.165,2025-05-01,medium
ea0a9174-8a21-4f26-9d8f-2c0fe9d92c24,d1dffcf3-06b0-4d5c-b379-bbe9922c20e5,4000000,0.2037,0.165,2025-06-01,low
5c5c183d-bc7f-46f0-a88e-e07183a004b9,055214eb-6c57-4b0e-bbc2-1ad615dec5a5,7000000,0.1643,0.165,2024-10-01,low
b9afed5a-c36c-4ea5-b60d-4d58298c25b8,ad8cfba4-4de8-4975-93d1-0b7939e6e284,3000000,0.2655,0.165,2025-07-01,medium
c85feade-0ec1-4144-9487-e9d7c56fa937,e514b9dc-08e4-4d2d-97f6-4c9ad0657489,5000000,0.2542,0.165,2025-01-01,medium
175522da-2249-4887-97bb-39c761069c63,3336c1f4-56c8-4ce8-9a8b-fa88a195115d,3000000,0.2001,0.165,2024-11-01,high
21c1bc56-09db-4f65-932a-e429f1758f22,d65db076-5a18-4536-afad-057de26b8b25,7000000,0.2536,0.165,2024-12-01,low
32f44e1d-c5f5-486b-9bce-4af5b698d477,f56088ae-4f47-4787-88b4-82dbbc219576,5000000,0.1536,0.165,2024-12-01,high
95133ec0-00c3-4533-a9d8-278181419e43,ec0a5e84-ede7-4970-80a5-ea5716a479c5,6000000,0.2179,0.165,2025-08-01,high
70473ad2-0c67-41bc-b27b-258ce4d71123,82dc3688-572e-41a8-9d3f-5fea46d2927d,7000000,0.273,0.165,2025-08-01,medium
62df8486-7485-499c-bbab-39c11d2b2313,aa734f8d-67c4-4d7d-84f6-21320e612eed,5000000,0.1636,0.165,2024-12-01,high
67b4244d-fc3e-4266-abb8-bd5a23b43b9f,b3ca5c05-d7ec-4205-9397-3713203738e3,3000000,0.1967,0.165,2025-01-01,medium
c19924a2-ced4-4738-ac39-f2f92d77ae14,9f59162f-ec6a-458e-aa5e-dfc2d4961cff,4000000,0.2902,0.165,2025-01-01,medium
2058c198-d418-4abd-a85f-b1f7721f94dc,0c6ac81e-cf84-4601-b3a0-9fb7106fc750,4000000,0.2596,0.165,2025-04-01,low
bc839ccd-4c65-4158-80dc-c85cc64c3804,8ca21e76-ef65-4033-8b6d-78abbadab365,7000000,0.2774,0.165,2025-03-01,low
07bbc8a7-577f-44e2-bacf-aba7588630be,c2a24ca6-523c-4ad5-a81b-9cac37f109ab,7000000,0.177,0.165,2025-09-01,high
1f7c87a8-51e2-4c3e-9853-64e3e0cbc15d,6194c47c-ee29-44f6-aa0d-831057781f9d,5000000,0.2993,0.165,2025-06-01,medium
3fa7d0f1-2757-4e41-a7a9-0acaac07a577,5eb47bb0-420e-4e3c-8448-f62965aa9a5a,7000000,0.1305,0.165,2025-03-01,low
7dd2e8d3-4564-45fb-89f0-feb6f411fbf1,b59f13c6-a6de-4344-b570-331d3a1bfe84,4000000,0.2038,0.165,2025-08-01,low
579b792d-8ada-4f43-9adf-989d198b1a50,550dff5d-7978-4407-9408-68a57f97c4b7,6000000,0.1959,0.165,2025-08-01,medium
a31ad045-eb97-4a12-9800-62bf4b3d5d6b,906003e6-495e-45c2-8211-67fbb8bc8199,4000000,0.2597,0.165,2025-09-01,high
86674f6c-c88f-4ff1-9a8d-294c2959b14c,ec7b4fc8-4a5b-417b-af70-bb7da531ba89,4000000,0.2817,0.165,2025-07-01,low
607f16fd-52ab-4bf9-a2de-2e2715b6336f,87b04b4c-ffbf-41fe-8f91-ba7c87e02d96,4000000,0.2462,0.165,2024-10-01,high
7718955c-4143-4f50-ad34-725adf7fd126,5ce64901-a273-43a6-bc4c-6fc2113c8d40,5000000,0.2254,0.165,2025-01-01,medium
a2139bc6-3017-45c1-b302-41e46f1a11b6,3bea5565-5c4c-44a8-a598-39b30864eda5,4000000,0.1855,0.165,2024-10-01,high
23c07c4e-e767-4831-83c4-bc1727c3d030,556263a2-94a9-46e4-835c-63849fd98609,4000000,0.2021,0.165,2025-06-01,low
22966b13-679a-46c8-a463-088c3650be75,f9c65d2f-68b1-4fc9-804b-a396ae65b983,4000000,0.2019,0.165,2025-02-01,medium
6abdc0ac-a452-42de-9583-962747c62d0e,c4341ff5-36df-4aac-99dc-3a2d645c4149,3000000,0.1041,0.165,2024-11-01,low
ebc7fdbc-686d-40f3-80b6-f111fa7b6022,2b52c04f-41d0-49ee-b6f8-174e54a4cd8d,7000000,0.2006,0.165,2025-05-01,medium
f95f2c06-767d-4185-ac6d-508ad63767c3,b8c03d69-c3db-41cb-a890-73aa927895f5,4000000,0.2712,0.165,2025-02-01,high
f81565c6-94cb-49f6-b70f-c10170a1cd95,731828a7-783a-4a08-affd-750b2226533c,3000000,0.2419,0.165,2025-01-01,medium
af2989fb-a0b4-44b0-b8d7-4a3515be8935,fa779088-e4d0-43be-b768-3286c65118d2,5000000,0.2591,0.165,2024-12-01,low
c4006d00-da12-406e-a4e3-d376083dfd0c,a288966f-e532-437f-a11d-23ea0741648f,7000000,0.1781,0.165,2024-10-01,high
3739db8d-ee1f-4353-ad7e-6b2a5f7c4ca0,e40df91f-b7c0-4a0d-b181-3908ba0ea5c0,4000000,0.2058,0.165,2025-02-01,low
1af153fb-5b25-41b0-80d0-94c2d2b76284,e628d594-ceea-44ae-87d8-42433c0d25b2,7000000,0.1067,0.165,2025-03-01,medium
0c6e36a3-27b6-4ceb-89f4-5ac055838b67,22542886-0737-493e-98e5-581b654017a6,6000000,0.1766,0.165,2024-11-01,high
52bf87cd-627c-496d-8745-553817b27de2,2f29ddd1-f546-4586-8525-470ba8c8d27c,6000000,0.1949,0.165,2025-01-01,medium
43776923-388e-422b-8e3f-9df859d9bb3b,5eb66289-ecfe-4b99-9fdb-06b711b8f566,4000000,0.151,0.165,2025-05-01,high
afd89134-949a-4546-8d2a-2ed0afbb2afb,3ffd4cee-4208-4923-8ffd-d364c701025a,3000000,0.1062,0.165,2025-02-01,medium
b9521e6c-bd99-4f9b-ae70-19135dc74c51,a0715f5f-25a7-4b98-943c-8da08ea19ec0,4000000,0.2381,0.165,2025-03-01,high
925f6019-bae0-47df-9016-0a470c7cadc4,d3749af0-a66a-4309-b239-f8c05d191fc0,7000000,0.187,0.165,2025-07-01,medium
4f3a77f3-6e59-4655-b38c-af307b7a0744,1bcf6eb0-3e1e-4237-8ec1-6dcfbbb93a80,6000000,0.1831,0.165,2025-03-01,medium
e907386a-ff11-40ed-b87c-252863c54014,ca107b2f-73f1-41f4-840e-d0dae68384b7,6000000,0.15,0.165,2025-02-01,low
31d097bc-daf0-4b4c-834d-d577aa346680,103c9505-3cec-48fc-b4b3-49be85d9c6c9,7000000,0.2076,0.165,2024-11-01,high
82467a1e-3985-418d-9c17-6953143fdfb8,37f98567-de22-4f99-bf72-80f396034e40,4000000,0.1876,0.165,2025-03-01,low
d63ae0ca-4fbf-4fb0-90db-0deeb456a410,e5c0dbf4-995c-4bac-be0a-3aca0011cb74,4000000,0.1948,0.165,2025-08-01,high
3c5c812a-8f99-486f-bfad-5e3a661ba473,d7ad9178-8a35-44f0-899c-55193c49da9e,7000000,0.2162,0.165,2024-10-01,low
dabdcdfa-bc80-4231-b34c-4eb327b82448,504fdabd-49fc-4f51-bd9e-1e1a1fee4a1a,5000000,0.1013,0.165,2025-03-01,low
17a9ae37-3408-4eda-83ef-55385748b63b,62612776-304f-401c-a3ea-7c91a6eeb0ff,4000000,0.2815,0.165,2025-06-01,high
6b1a911c-97d3-4d39-847d-cb8c60de6940,8bb029ef-653a-4aa8-9dcb-b4f4d03a8041,4000000,0.1142,0.165,2024-12-01,low
3ac84231-0f1f-4fbf-989a-368f415014ba,e18cd729-9453-4990-a998-906e8a8f67ad,7000000,0.1902,0.165,2025-05-01,medium
bc746934-7138-435d-bb92-5e76d92def2f,b52e99f6-a579-4cc9-b813-1c5f5dc1b9d5,3000000,0.1415,0.165,2025-05-01,high
378e6549-49e4-4c97-a26b-628c92a43742,c1763e07-5526-439b-86bc-29343ab53a27,3000000,0.2048,0.165,2024-11-01,low
6b71c0aa-7be9-4db3-965a-db3f35a96e9c,ae25b768-5e53-49ed-8390-a44599d223b1,6000000,0.156,0.165,2024-11-01,low
8c80afc8-3133-4a1d-89bf-afa1519c85a6,4b04eb03-0ab0-4941-bf67-62b773c34485,3000000,0.272,0.165,2025-03-01,medium
590ae58c-b7e2-409c-8817-448aade755ac,04d2fec8-55cd-4b5b-8a9d-1c69d23c6767,3000000,0.1793,0.165,2025-05-01,low
b4d80898-8acc-4358-a884-81eea8f17785,1a55f294-1004-4700-9fe2-32cd13c304a5,7000000,0.2278,0.165,2024-11-01,low
09fd1123-0e21-496b-aabb-a55d43886068,f5b946cc-6d20-4fec-a926-dfe054844e5c,5000000,0.1498,0.165,2025-07-01,low
0b43845b-909c-4d91-b1fe-53eacfe17836,e33bfdb3-1c60-4c36-9a20-63d728516e0e,6000000,0.1039,0.165,2025-01-01,medium
b4e6ac88-8e89-4dd6-b49c-57c9856ee517,44f213cd-f44f-47a8-857a-646b02e064c1,5000000,0.1808,0.165,2025-02-01,low
e094fcfe-14bb-438a-878c-d931c9094771,b6f0b008-6b9d-45a9-9b7b-7f132a917035,3000000,0.2073,0.165,2024-11-01,low
c77e3404-4457-440e-8f65-1fd48a667f0c,0a8953bb-2927-4f12-a54b-6f2e0689f313,3000000,0.1919,0.165,2025-04-01,medium
ccf45c51-45d1-4b15-90f3-79d33cb228d6,ad964cc5-351c-499c-81a0-2dd53cf7cc7c,6000000,0.2924,0.165,2024-12-01,medium
996f405c-0949-4c1d-b69f-aa6f72e81324,08c6af33-c457-4eb3-ac35-e24ab1f0212a,3000000,0.2414,0.165,2025-09-01,low
8e6fecb8-505a-4aaa-9c37-261e38902169,bc087af7-97a1-4a5f-bb86-53c8fbeffded,5000000,0.2991,0.165,2024-12-01,low
3e3220d4-d28b-484a-a894-32efe559317c,2fdb7ea7-3b45-45f1-b42b-9cf21cf81980,4000000,0.159,0.165,2025-09-01,high
4e9c48c5-09fb-415d-be0a-a85154d7451e,694a1c5e-d23e-457d-9b7a-78006840ec65,4000000,0.2578,0.165,2025-02-01,medium
50b582ff-8e95-4a34-a8ae-50aeff5a6943,4f48fd28-6e27-47a8-a3cb-e916eeae1836,7000000,0.2111,0.165,2025-07-01,medium
971b4c7d-63a1-46ca-b9ed-95a69128b18f,4d6aca4a-f61d-4b57-ba88-a2102250f8f5,6000000,0.2224,0.165,2024-10-01,medium
8cfbea8b-6df7-44e7-863d-1aa16e210244,67e09bd1-ba04-44d6-87da-6cfc15e23ee3,6000000,0.2972,0.165,2024-12-01,low
ff8fcf4d-405d-4828-9724-177f1228d636,d1ce9c39-6783-4606-93bc-851dbb3f0152,4000000,0.2308,0.165,2025-08-01,high
1d71335d-45d9-42ee-93d5-b4bd8fd20930,0f0a334f-8beb-4ca7-9451-766565fd43f3,4000000,0.2798,0.165,2024-11-01,high
41499ad2-3a0d-459d-a3cb-ff952a359dfa,f3fe6dde-2795-4953-8dbf-796a7dbb4f8a,6000000,0.2452,0.165,2025-06-01,high
0d186c4f-ae41-4c08-bc1e-c1aafa18977a,5f70613f-eb16-4e28-80cb-ec4dcad95747,3000000,0.1255,0.165,2025-03-01,low
5ccc0d83-dade-4a47-88df-8e2b08a7b5f1,dfc8a7c9-d5d2-4966-8a0f-7886ff114ff1,4000000,0.2399,0.165,2025-08-01,low
2844990a-2afe-48f6-9526-3055acdbaf80,a33cf716-426a-4bd8-968d-5b02f0ab3067,6000000,0.1969,0.165,2025-08-01,low
e1024080-a385-426a-801e-1297d19a6401,1b161161-eb62-4de9-a217-bab12825e77f,6000000,0.2838,0.165,2025-07-01,low
feb2d6f5-d8d6-45ae-943c-32d0b5b13eea,48235ce4-2d36-425a-b846-a80a3a92365f,3000000,0.2614,0.165,2025-03-01,low
94e08e0e-65d0-4da3-9601-7596ba492d37,422be082-31a5-4255-9094-04569843e5b8,6000000,0.1208,0.165,2025-03-01,medium
088a0795-a2a8-45c5-aa50-878294fa243b,e913d964-50c8-4868-8da7-6ec67b41dab6,5000000,0.1268,0.165,2024-11-01,low
34b7c62e-baef-419d-8b48-e9ee6ad09825,63009b24-ba66-4ba6-9e9e-5312ff38fb95,4000000,0.1139,0.165,2025-08-01,high
0ef07878-4974-4f14-abb8-c54126b3cc92,89d2caf0-61c6-4416-8abf-4900d1fcf6f8,6000000,0.1986,0.165,2025-01-01,low
3050991f-0bf4-47ad-bede-18133498fbb0,d2d9f415-0691-46d0-b8b9-be981480e867,7000000,0.1162,0.165,2025-09-01,low
db60dfdb-6d7d-425c-bad9-eeea75433d0b,c0ca03ad-9208-4adc-9adb-9a3e99ebe10f,5000000,0.2447,0.165,2025-06-01,high
57540ff6-660e-4b6f-ad57-52ce71229220,02172378-9330-4ca8-a782-00801871ad17,4000000,0.2105,0.165,2025-07-01,high
25a848a9-7740-4a46-b999-0ba17238b3f3,4c40540c-1e1c-45b9-8216-c0276a69680b,4000000,0.2672,0.165,2025-08-01,medium
90f3f7c8-023d-4927-aa46-d652d776989b,39088e08-f9b9-4b4d-9596-44075c6695ca,5000000,0.156,0.165,2025-02-01,medium
4f9475f7-f072-47a5-847b-f025c32ebe8e,4c9fcc56-9738-4008-a6a5-fa92cb679849,3000000,0.2038,0.165,2024-11-01,low
c37bc219-a98f-41d4-a858-f3997247edaf,6310dabe-1cf3-448d-82aa-3844112e7eb8,5000000,0.1235,0.165,2025-01-01,low
dd7b585d-1bf8-47bf-acc8-ddeef067a569,af8deaf1-6397-4f74-8455-92d013236786,3000000,0.2769,0.165,2024-11-01,medium
cce64337-2647-4ca9-8a42-f47c3b07633a,7a493da4-b24e-46b4-99cc-0e6727c76831,3000000,0.135,0.165,2025-02-01,medium
2972fff1-726b-413b-86e2-8c628f5d9b75,bd69d946-f5f9-45c1-9601-3fe55deb8821,5000000,0.1205,0.165,2025-09-01,medium
293ce9b5-7fa2-42c9-9fa9-93b9dc8ded9d,c9618936-07db-4b01-b1f9-08a4f44dce15,6000000,0.141,0.165,2025-05-01,low
21bee530-fa84-4b4d-9f53-c14b7b77eb56,be6465c7-03bd-45cc-8d58-ef9517d4e24e,7000000,0.2612,0.165,2024-12-01,medium
de34dc24-7f22-437d-9da0-8fd923a0ee22,3719b44c-87f9-45a3-8e00-d1f08015beae,3000000,0.1212,0.165,2025-09-01,high
b1cd45c0-fce9-454c-8b80-9e4677b52c1b,9c020a55-1f43-436a-9b1c-aace61cf937b,4000000,0.2229,0.165,2025-08-01,low
d776c35d-4a0e-432f-8085-a3dbdc8dac31,b6aabea7-b840-4955-bae3-a57af8554614,5000000,0.2492,0.165,2024-11-01,low
3a74429b-d09d-4091-8848-283831814759,7839c4e6-d841-4dc9-8e78-9fbec7f2cb17,5000000,0.2502,0.165,2025-09-01,medium
370151a8-32e0-43d2-ba04-30b18ec58c2b,1bd48197-445f-44e8-8ab1-cf801af40cbd,7000000,0.138,0.165,2024-10-01,high
f648bb0a-4bf3-4df0-a456-64a0a4fa7f9d,2a985233-9aa9-4688-affb-6722191beb9a,6000000,0.1123,0.165,2024-12-01,medium
8d117eb1-69a6-4be9-8e07-d4ee5e285250,b5b02ffd-e5f5-4929-8d0d-429eff8bb3d7,5000000,0.1898,0.165,2025-02-01,high
2afa22ef-d07b-4b60-8759-b39c2c3fe41a,ede518cb-816c-46dc-ad7c-68e11aa6734a,3000000,0.1405,0.165,2025-03-01,medium
465f66b7-879e-473f-b5f8-5261cb945aa0,67f712d9-bc0e-4821-9c03-14e33d249dde,3000000,0.2399,0.165,2025-08-01,low
93d4d3cf-e4c6-4212-a7e7-05107a38c097,c17b1081-9a61-44a8-aa1c-d121aa3c2526,3000000,0.1713,0.165,2025-05-01,medium
d8359ab0-4901-402f-9cc1-4af57d747498,dcc226dd-3206-4231-a5db-86e52c857c9a,6000000,0.1899,0.165,2024-12-01,low
ab4f6914-9960-4beb-9559-70cd397be6fa,1eba536a-afa9-456c-a399-dd44c9ed8ee8,4000000,0.1227,0.165,2024-11-01,high
971e1563-6863-4482-a4a2-44dfc8454b69,2d78f32d-b047-4edd-b721-dd2df4fa21f4,4000000,0.2135,0.165,2025-04-01,low
649cbeef-2129-4bde-b507-9ff45731cdca,6aba42d4-db02-4e80-b8c2-f134e4440d62,6000000,0.1371,0.165,2024-11-01,low
df0132cd-491f-4d2e-a17b-b88d1890b800,58028874-a155-44c9-80c9-f93952e765d8,7000000,0.2358,0.165,2024-12-01,medium
0befc5fa-29bc-4ce2-8857-2855b13c9d13,12b89d45-33eb-4277-b7b7-f171d87e526e,5000000,0.1142,0.165,2025-09-01,medium
382e30be-dbf6-426e-a1f3-fad5ee0ab294,930c6c54-b1fd-4cb9-9eb9-00569b4bb0ec,7000000,0.2952,0.165,2025-02-01,medium
3214f31d-7820-44f5-994f-0b4f84ad4a9b,5cf21524-809f-4d4a-95b7-a400a93425fe,6000000,0.2369,0.165,2025-02-01,medium
5994df1a-eefd-4f1c-8de1-20624f081deb,233a5d66-490f-42ae-b3a0-321aee1517ff,6000000,0.1363,0.165,2025-03-01,high
e88c51fc-64d6-4253-8915-00445a80dc73,4891ada1-8e82-42df-b0c5-2e6d44c13341,7000000,0.1028,0.165,2024-12-01,high
583fd903-be12-4871-8655-aef29e63e6d1,688362ab-8a8a-4f42-9615-247478a65918,3000000,0.1669,0.165,2024-11-01,high
44bccd62-7567-4b72-b367-4431e3f31bd7,0df25a7b-f9f2-47ac-9146-60ae664d0dde,6000000,0.1306,0.165,2025-03-01,medium
8fdb5a85-ded1-4477-a10b-0771a5d8b149,cd1a4957-0442-4f8a-81ae-a1c2570b8541,7000000,0.1437,0.165,2025-06-01,medium
6b938618-303e-455e-86cc-24d36b5f7475,489808e9-f28f-46ed-b143-bc6891c959ac,7000000,0.2746,0.165,2024-10-01,medium
cc720a1b-acfe-49aa-898d-ee03d380cfde,9301587b-8735-4d5d-ba6f-2944d8f5d8eb,5000000,0.2206,0.165,2024-10-01,medium
beed9b39-27ff-4694-9449-e4910ff5b4dc,b367b333-7df9-42a4-8dec-8220487d52b8,6000000,0.1353,0.165,2025-01-01,low
0c3a60ad-0e32-4d71-9d5a-23bc4b691375,53e90967-ade2-4db5-be90-78065a0b0959,7000000,0.2113,0.165,2025-02-01,medium
a87d7969-ce91-4240-9870-752e6fad1293,1a9190eb-b158-4e2d-8831-19400ccf870b,7000000,0.1512,0.165,2025-08-01,low
5fb1592a-7a82-4127-8b4c-ab776a7888ce,d1e8db07-7c0c-4802-b2a6-ec57709e312d,7000000,0.2952,0.165,2025-05-01,low
4c8e2fca-fa4e-43f0-9519-6ebc7e0e5fbc,a3c15fce-3a01-4bab-95ac-8890a4331cf1,7000000,0.1066,0.165,2025-07-01,high
77189cef-3f35-46d1-825d-86ab89db6582,07c3a13d-ee1c-4a09-8f21-c6a0e462dab4,4000000,0.2465,0.165,2025-03-01,low
80cab7db-37d6-4900-9a3c-fcc7a5b17f26,28b09f09-ebc2-4598-a92a-c30655aca57c,6000000,0.2546,0.165,2024-12-01,medium
ad245b5a-1a89-42f0-b967-042088c8446a,79b4283b-d2d2-4b0e-91dd-3e43429280bd,5000000,0.1134,0.165,2025-07-01,medium
92880976-a1d7-4c08-b5a4-4d001a5526d4,e8005730-7cf4-4913-a9a7-b937c89cb6c2,7000000,0.1344,0.165,2024-10-01,low
406cde54-7c81-467a-bcef-7e69afab8520,bf8d2da1-9522-45b9-b14c-4a883bb4f9e0,7000000,0.1769,0.165,2025-08-01,high
1a56f0b6-796a-4c42-b75a-0be1bab8af3a,ef824e66-60fe-4f2a-b6ea-ddea54878847,7000000,0.2736,0.165,2025-08-01,low
739e394d-87f7-42ff-bd2a-e49ad6d7b309,9ef305b1-7290-4a8a-979e-23f3a1294945,5000000,0.2074,0.165,2024-10-01,high
fbba854d-3a4d-485e-94aa-69d2822a7208,6a3393fd-05d1-450e-9762-937c2e3c6222,5000000,0.2311,0.165,2025-08-01,high
0b5b312d-c307-4274-afa8-2579cc3eb1b6,4ad2398a-9fa0-48ec-86f0-6aecdde82a91,3000000,0.2566,0.165,2025-01-01,low
2255b123-9f9a-46b4-bcbb-88b0da12a104,ea04cf8d-8f62-47bd-974a-8421a4fbdd81,6000000,0.2656,0.165,2024-12-01,low
760771e3-2917-409c-a9ee-4d79b060ac70,63adbe04-3e51-4a8b-8d6c-717ca0e4ba2e,5000000,0.1953,0.165,2025-06-01,low
542f13e9-856f-40e3-b8a5-4a90a33e61b5,c251d43d-e072-482b-85d0-ac0192d71f7f,5000000,0.2018,0.165,2025-09-01,medium
b9e1a22e-8182-40d3-8bda-d6be917606dd,40406fac-1f7c-4536-9a01-60782cb61e37,6000000,0.2436,0.165,2025-06-01,low
2c37a66c-7113-4974-b0ad-182e95b37bdf,7408140f-3581-418e-8af9-8ee7f6e5810c,7000000,0.1527,0.165,2025-09-01,high
1108da1b-c63d-46b3-9398-3821a8685c5b,a1535d15-ecc0-4945-903c-e9aef70de71f,3000000,0.2709,0.165,2025-01-01,low
d846e630-c519-4335-b7b4-f25651b39be3,14f6e123-46f3-408d-bf96-e7fc83b796af,5000000,0.1042,0.165,2024-11-01,high
931138b8-cc85-4f49-b0dd-5f4034aa600b,2af79094-5b58-4db0-9478-40027f1a9729,6000000,0.1392,0.165,2024-10-01,low
2fa2b27f-610a-46e0-ba88-64f0f2928518,66cd1ded-5aae-4b8a-ba5e-9c4dc162e13d,7000000,0.26,0.165,2024-12-01,high
d8441657-4d8d-44ea-8fae-587ae32d7479,b66c2ed1-f6f8-403d-a56a-cc01887c5572,6000000,0.1681,0.165,2024-12-01,low
0c822f5a-133b-4e9f-b1f3-30b653ab4aad,01d82cf0-b6c7-48cd-9bed-1386533ffd3b,6000000,0.13,0.165,2024-11-01,medium
d3705862-f5ca-43a8-9495-d6f7c4a0c5c0,fb696295-4adf-4d99-8313-cf5181ff06f9,7000000,0.1374,0.165,2024-12-01,medium
e2d54323-2f85-4905-b78a-f674881073cb,e7d49789-aa39-4854-8880-6a9f0a2fca7f,7000000,0.2062,0.165,2025-02-01,low
ac1f984c-8e50-4192-9f75-22be4a684fff,71f9e09b-66cb-4040-ac5a-d80839b001c5,6000000,0.2692,0.165,2024-10-01,high
f68fbfd2-e579-4efa-b979-54400edcaf96,816c53db-b1e7-4b35-bdb3-4159a42b4bfa,4000000,0.1141,0.165,2025-06-01,low
b421c2cc-7526-4f18-b54b-64b29ec61060,7a14eba6-296b-448c-8e58-2adfda55594c,5000000,0.1061,0.165,2025-05-01,medium
bc3634fa-ec6b-4931-b7bc-5205f298b5f6,91ada139-5af1-45ba-bf70-084ad93d5a83,6000000,0.193,0.165,2024-11-01,medium
37a5c617-f54f-48e4-8286-243eb8cfcf61,af03c7f1-96f0-415d-950b-35a859dd2181,3000000,0.2912,0.165,2025-06-01,medium
86bbf107-45cf-4d64-bd64-e3afd8816dd3,dccbc24f-99a7-4542-b97f-2610bc3de998,6000000,0.1558,0.165,2025-06-01,low
ecb1d873-0b8d-4e32-8a2b-2d94f196a161,e9b8b0fd-0611-4a11-9802-5eeb2f88477a,5000000,0.2918,0.165,2025-08-01,low
e35da912-eb5c-4aee-bb60-254edaeec47b,c59626cf-9b3e-4932-a6ce-ca4662bf70b5,7000000,0.2775,0.165,2025-06-01,low
6f14c493-775e-49c9-b0ff-93ccd3cae374,2038910f-d3b1-40ab-9e1e-a3d3fd8070a4,4000000,0.1566,0.165,2025-02-01,low
2b1e608d-ad87-44dd-bf1a-4f274a53ecea,417f4876-ea27-4b91-99ad-271e3ebe48ef,7000000,0.2634,0.165,2024-11-01,low
8c57f905-8c87-4805-8f35-9bfe64556de1,71d24957-4001-4fda-be8e-00abdb7bd455,5000000,0.2372,0.165,2025-08-01,high
4c10653f-05e4-45e2-8f5d-c2aac2d8fd3f,54c6da04-abd3-4f9e-a001-8f4a80625de3,5000000,0.2024,0.165,2025-01-01,medium
2413831b-7599-4bc5-9237-8f7e92932dfe,61896b08-789c-4844-9d34-1e9e6bf34645,6000000,0.1846,0.165,2024-12-01,medium
9f4b7da4-77ca-477a-8209-329851434b29,499c2be2-fb70-406e-9785-c85f8c958c45,5000000,0.2631,0.165,2024-11-01,medium
7ab171b2-84df-4884-83d5-af71ec401393,c3a70fa8-a2e6-4822-b8ab-2b412998ecd7,7000000,0.2586,0.165,2024-12-01,low
ed3d8322-7f25-4bb2-93da-1f63d32e9ceb,f3028aac-5b71-405c-ada0-72d3907551eb,3000000,0.2514,0.165,2025-08-01,medium
84c073f4-d508-4bf3-9a3d-93d03daba56f,9654d94e-b546-4242-90f7-fc1720f9c659,6000000,0.2997,0.165,2025-04-01,low
9def4077-3b97-41b7-92a4-e9672e4b6d46,1db1a272-c8a1-4f1c-b18a-7f17cc451772,7000000,0.1957,0.165,2024-10-01,low
3eb42b15-8ab8-49c3-af04-d5825d8dfc1a,4e27bd4a-0aa6-4443-8070-043631b984fd,4000000,0.2614,0.165,2024-11-01,medium
258e847f-3c3f-485f-b8d9-381ab8bd8af4,fa13bb0c-b9e2-45fa-a63a-ebaa5c1af29b,4000000,0.2725,0.165,2025-02-01,medium
6b164710-2129-4cbe-b253-b6c550ff1f5b,14c5716c-86de-490d-b8c4-ca140d68bc05,5000000,0.1423,0.165,2024-10-01,high
55aeb070-e775-4ca5-9948-f399c1d33a62,db9bcc34-5e8e-4c8b-b5b3-3e15ef61e2e0,6000000,0.1084,0.165,2025-01-01,low
ad036196-2292-4d7c-b324-b9e0ffcf71a2,fa728fa7-108e-4a95-a896-5c4962a9c630,7000000,0.1809,0.165,2025-09-01,medium
20e8e637-6aee-49cf-a358-4a15f82d1e76,797bde04-2c96-4519-8ae5-ac8072036255,6000000,0.2713,0.165,2024-11-01,low
26e3e8d1-6c01-42cc-97e2-d26d9c62bbe2,1a6cde12-ffd9-4f0d-9dd0-ba23bab6aba3,6000000,0.1578,0.165,2025-07-01,low
91dcbfe0-eb3a-4dc7-88a0-837bfddb5208,6b1f0519-4b94-4f72-87b5-2ad0c92b43ff,5000000,0.24,0.165,2025-05-01,high
91895d70-118b-4f83-9bd5-3bb88835dccc,cd8c5d2a-ef42-4359-8310-da95d11866ff,6000000,0.1015,0.165,2025-07-01,low
d6e46ad2-4e68-42d2-84d6-9f82d4acf64e,a86c2b32-1470-47b4-8e99-ea29b23001b4,4000000,0.1711,0.165,2025-01-01,medium
706dfdbb-bfea-4545-ae7f-8444a99ec488,4e3334e6-c11a-4431-9d9d-64ff0ff41b3d,5000000,0.2231,0.165,2025-09-01,medium
e1030e99-4304-4f02-9e81-6ef2d2514861,8f0450a4-e565-42e3-9ff0-8aabe497f420,3000000,0.126,0.165,2025-02-01,low
06c535d3-98ca-4e4c-a3d3-d86256dde224,60607fea-ab78-40ef-9e41-89b10c67d872,3000000,0.2793,0.165,2024-11-01,high
926cdd2f-6b06-4c14-b1a4-d171e6994216,3da17a60-dd7d-46cb-8c4e-17febfdeb264,7000000,0.1313,0.165,2024-12-01,medium
4119d3d7-7b06-4965-8885-5bdcb52ec5b9,54a5c29c-6e62-45e3-8602-e0f9f29b64a2,7000000,0.282,0.165,2025-06-01,high
2b967f0d-a201-475b-ac63-877ff97ca908,5b4f600c-d5e1-453c-86eb-e4f7c7bbca48,5000000,0.1433,0.165,2024-11-01,medium
7f9ed24e-9adb-40d3-9415-8462b112e9d9,41e43f43-821c-4c60-b63d-f017217bb555,3000000,0.2989,0.165,2025-05-01,high
a475cbd6-a263-4134-9b74-360dfe7f6ee6,0fb3540f-be08-4107-bb78-b2c40161bd81,3000000,0.2209,0.165,2025-01-01,low
8a8a9578-5b04-4754-9196-0deaf4b3915f,e1c17120-d5b4-4164-9167-6b95d7d00c80,3000000,0.1169,0.165,2025-03-01,medium
7754aa5f-8539-43b5-8316-b3f8ac4266a5,03f288cd-1526-4b6b-8922-34cc6698a0dc,6000000,0.1131,0.165,2025-09-01,high
8e8ab7a9-447c-4cdc-9e87-374c9e01f181,f09ca938-e6f7-4e68-89b9-d65f268b39f9,4000000,0.115,0.165,2025-09-01,low
84e1ab4b-13df-4603-9278-5b4c47983245,02aadf6c-835c-434a-b877-24524822cea3,4000000,0.218,0.165,2025-07-01,medium
225868ef-20f4-4aed-868c-41d4f7c9f1aa,46ba218f-0a8c-48df-80fc-f40dc8e228ce,7000000,0.2619,0.165,2024-10-01,high
dde9f928-772e-4f59-96ca-6c8c6bff9955,745a51aa-ee32-4a3d-93ec-f8e30cbd4aca,7000000,0.1806,0.165,2024-10-01,medium
bbe71dfb-456d-448c-9453-7257ee982448,c5761616-bcf9-4b58-978a-b42742f6f2b8,6000000,0.189,0.165,2025-05-01,medium
6fef7351-cac2-4de5-b22e-786f4c26ec09,fb1869a2-5fb1-4b57-946a-092a38b0bebd,4000000,0.2179,0.165,2024-10-01,medium
08a1a9b5-216a-427a-8afe-3c8d2b01c129,0f627a68-f2de-45d1-bcc0-dd3d4a3255ba,5000000,0.2066,0.165,2025-09-01,high
3034782d-9ea3-46f9-bcae-a3af8e14654d,6c117bcc-b55b-4bba-992b-848274db05b4,4000000,0.2376,0.165,2024-10-01,high
b1e21364-d21f-46cf-8e52-6e87fea00249,e2d4c3fb-7db0-4c21-bb87-a1b24a549918,7000000,0.1944,0.165,2025-07-01,medium
4d22bd73-913d-4bff-98ae-a1123807dd3b,4f495098-29c0-49bb-abe9-2cbf3eea984a,3000000,0.2428,0.165,2025-09-01,low
a9ecafd0-7b65-4610-a72c-d61ac41b5907,554df25b-e5d0-44cb-bf90-8e244d9d7788,6000000,0.2995,0.165,2024-12-01,low
1870afda-762e-479f-a3e6-2e4976e4d1d2,ae936fba-3cd9-4468-840e-46d67ff050ae,5000000,0.1701,0.165,2025-05-01,medium
0f022498-7827-48b9-9672-d1fa667ee8b0,03369cb3-4db7-4942-b8fc-2a1dac505686,6000000,0.1024,0.165,2025-06-01,high
84259a9d-6e3a-4121-80b8-9b32db52d194,5eacb5be-ef50-4153-9b3a-0946423141c7,5000000,0.1251,0.165,2024-12-01,medium
bfb2bb9a-bb7a-487c-ad13-098d4e339175,6e56bade-21d8-47e7-ba19-54812210b954,3000000,0.2107,0.165,2025-06-01,low
b27689b5-8f4d-435d-b557-5b0e68f65cdc,3ce373de-c47f-4ecd-80c2-ed7487034470,6000000,0.1689,0.165,2024-12-01,low
37c31c31-b81c-425c-a284-e5d91bcf8b95,94c35131-6034-4fdc-92e3-110bed76c27c,6000000,0.288,0.165,2025-07-01,medium
40df2e05-5852-4777-acd3-8b39276051a5,54b39626-d6eb-4ed1-bd07-b027e9359a9f,5000000,0.2255,0.165,2025-08-01,high
3546bb21-1fb8-492e-b4a1-974b41e2acd8,ba878e18-7096-4529-a8b6-0e7fe3e33923,4000000,0.2041,0.165,2025-06-01,low
125e8641-e71c-478a-a9e4-8436e297d489,5d2dd047-3e8c-4575-ac1b-74c92686bddb,4000000,0.2596,0.165,2025-02-01,medium
b12c05b1-b1aa-4533-9512-b56bcb9403d9,43831ac1-506b-41d8-a05e-da051a58d27b,5000000,0.1517,0.165,2025-07-01,high
adef2eb4-fd6f-4e0c-af35-c994de2cfe5d,4ce9e90c-5b4b-46c0-bc3f-dec2c254fbaf,4000000,0.2639,0.165,2025-08-01,high
47be841f-1ef3-48e9-ab4b-a4343a239989,baa2128e-59bc-43d1-88b3-b3e09bed4a66,4000000,0.1006,0.165,2025-01-01,low
e1588f69-1723-4823-96c7-2eb2fe047f2a,502df318-ea1c-4ec6-855b-d3f9c19970bc,4000000,0.2239,0.165,2025-04-01,high
88119748-0ae4-4577-bfd3-b7c9dff8c5d2,68907dc9-bceb-4785-a969-f11a55bdd71e,3000000,0.287,0.165,2025-04-01,medium
c5831407-aa42-4b0d-9c80-e49cede88ee3,35c38bf2-b2a2-4ee3-8297-4dedae549fb4,7000000,0.2576,0.165,2025-07-01,high
cb9da1e4-f896-4fde-807c-6201b286e3af,772fe6bf-5f26-4f7e-a2a7-bc9c7fb7bfc4,4000000,0.2707,0.165,2025-09-01,low
3cb71736-4e1a-475b-a305-463fbbb0bf6b,6a71aeae-e5bd-4bd0-92f6-3f1ccd32fb9a,3000000,0.1794,0.165,2025-09-01,medium
afd80683-7b92-42aa-a009-866701e658c9,8f16a34a-204d-4719-ab59-9e9fa130e188,3000000,0.2648,0.165,2025-01-01,medium
a3f38f3a-3069-455e-a0e5-ef876bd25fec,fcce4821-851b-4779-8993-4c5025e0979b,7000000,0.2102,0.165,2025-09-01,low
ca9d5692-245d-4997-9d6a-0e06ad8a93f7,1f7c1049-4bae-41a2-8fc7-f3b1a8f6dddd,5000000,0.2237,0.165,2025-07-01,medium
6f65efd0-0ce0-4ea9-bbef-3a839281d41b,56ddf389-f0d7-4ff7-b385-e43fca0d1b99,4000000,0.1118,0.165,2024-11-01,medium
fbadced4-0cd1-4d04-9d69-3fb87e241e8c,c19f5ab7-b1b3-45f3-89a1-4e1fb5441d6b,5000000,0.1403,0.165,2025-05-01,medium
ec03fc49-58c6-4e87-aa7a-7235cd02188b,58d1a49c-d2c0-43cf-803d-70250192767c,3000000,0.2102,0.165,2025-01-01,low
6cbd6d17-17ab-477b-9a22-032e729f8b45,7aab29b5-4d49-4e5b-b627-83f0f9f5d24c,4000000,0.1118,0.165,2025-05-01,medium
83550aaa-e42c-47da-b529-4ea1d95504ce,e611c5fc-7570-4be4-9d46-3dde83ca27b7,4000000,0.2483,0.165,2024-10-01,low
2464ae84-13f8-4bc8-8145-4dbca3141391,1133af03-16cb-47c2-b909-57c52e90366f,7000000,0.268,0.165,2024-12-01,high
8fd8f6aa-4af9-4ae0-a920-dc42bac30399,1b966a70-84bd-4680-9abf-743416bf4acf,3000000,0.2841,0.165,2025-04-01,high
5c6e855d-3c4b-43a8-b6a1-37485bf2f2b6,3277ece7-979c-4756-8585-1e6cf3f5d274,5000000,0.1204,0.165,2025-01-01,low
62b80904-9064-4043-96b5-5fc60565e469,26170075-3dca-4123-8789-fc64dbb510f2,6000000,0.2879,0.165,2025-05-01,low
a9264b26-9208-45cb-8ff2-ce4f72deb335,4201412c-54e0-46cb-8d99-c009d6c611aa,7000000,0.1135,0.165,2024-10-01,low
2ea40e8b-b5ea-422c-8267-7953b316c286,f2ef0da7-9ef7-4fdb-af03-57740be0f2b7,5000000,0.1948,0.165,2025-05-01,medium
03618b9e-ee2c-418c-9372-975655fe1c95,a5ee951b-4734-4e34-9913-a5438e3cfe2f,4000000,0.2681,0.165,2024-11-01,high
a337b10b-b409-4528-a3b0-aee2198f7822,408ac1d3-dad9-4b4e-87da-fdbf73b57ff6,4000000,0.1141,0.165,2025-02-01,medium
ac55ddc1-0026-4257-9b50-8800ea8b4a6d,0c349585-3967-4b2a-9e8d-597cf6c740f0,4000000,0.1036,0.165,2025-02-01,low
fb36783e-3d5b-4139-b2a1-94d53a4e7d5a,e71ad69a-c7d1-4627-9b4c-b36c2986b588,6000000,0.105,0.165,2025-05-01,low
27ad26d0-514f-4399-a80d-c5b6d6b9a9f9,70adeb30-db26-4647-b853-0c94a2f05176,4000000,0.2023,0.165,2024-12-01,low
4a6227f3-6324-4121-9c3e-1be48b0a8ef2,311eae17-6b1e-4c25-a3ff-60756f5bcb24,6000000,0.2623,0.165,2025-01-01,high
03eeb933-5fad-4777-b249-d56a274b6032,a779136d-33d7-4763-90b2-58477016e76f,6000000,0.1255,0.165,2024-12-01,medium
b9cab5f6-1826-4cd7-bf80-d514b643740f,474f2379-17dd-44d3-979b-b2e12a496853,7000000,0.1249,0.165,2024-12-01,medium
810dd5b7-9d20-4e1c-9fd3-082a6222918e,b2fdfe27-db79-4c56-9a27-0a3121d49f0d,4000000,0.2137,0.165,2025-08-01,low
52c4f8e0-e9f5-4ec9-9c83-55a514965ecc,76f0a8ed-c1ab-40f4-b86f-1afbdf76bb98,7000000,0.1469,0.165,2024-11-01,high
7d9a5570-7bcf-45f5-9134-2f6a28b434de,18d51650-ed0c-4776-9a9b-5024a0dc3236,5000000,0.246,0.165,2024-11-01,low
08337364-8b2a-49dc-8966-46ee65d22ba2,c67b2ca4-4f59-4d9e-8388-a879037a0da9,6000000,0.2899,0.165,2025-07-01,high
af1e6518-8e9c-49aa-aa16-dce8f7e3d96e,45722207-5bd0-416b-a4b7-a0387d7b76bc,6000000,0.2532,0.165,2024-10-01,high
d0210d09-c634-4a0c-a7de-276701291383,c99b8de9-a3f2-41cb-b17f-66e163aada77,7000000,0.2754,0.165,2025-03-01,medium
caf33f29-a4f0-4350-a9a9-5c90ee3f99f6,19ef33ea-9785-432f-8873-6553ac5acb1c,5000000,0.2039,0.165,2025-06-01,high
a2f4de41-d10f-43e7-bffa-5412ae0f60db,ba96534a-bd33-4bc0-9c1c-ae0a31157464,6000000,0.2665,0.165,2025-07-01,low
c4f3b206-cbc5-46b7-8712-39ec409cbf01,09041ada-d207-4de6-88ce-0bc84af882b8,4000000,0.1366,0.165,2025-05-01,medium
afe9df54-baa2-4c1d-bbfe-948b91e763e0,5201706a-e9fd-4bc3-aa46-800b150c7fe2,5000000,0.1137,0.165,2025-09-01,low
6987a5d7-97f8-4ac9-b5b6-1195f420c30d,b2e6f9ef-dcd0-4495-83ff-74056c02256a,5000000,0.2312,0.165,2025-01-01,medium
1fd43fde-ea6d-4c6f-bee9-21401520b3a3,2d6be2ab-d2f2-4dd7-92d9-38cc5bd86dbf,6000000,0.1104,0.165,2025-01-01,low
bc11a111-e407-4f76-8093-09f79500ea87,7887967d-3d74-4acd-ad05-87d6f7735c3b,6000000,0.2785,0.165,2025-01-01,low
e2a672e4-e175-4493-a0a2-19ab87e92975,1a67ac71-f464-46bb-a210-14e9490ca4fa,3000000,0.2383,0.165,2025-03-01,low
efce2f60-78ba-4ab1-ab90-248d48a8770b,27c8abe9-b8a6-4c5e-9cb3-4e8124a595b1,7000000,0.2904,0.165,2025-05-01,low
4e0e113e-ad04-4e07-a97f-030ff0766d23,57f482ea-0566-4b0b-bc88-3aa3462b9965,6000000,0.1628,0.165,2025-01-01,medium
5e39f363-bdeb-4f13-ae02-5246ddda6cff,6f3b33da-6a0c-4a25-823a-08dc958df9cf,3000000,0.1972,0.165,2024-11-01,medium
7d468b79-9b56-4001-90b6-d6e3ed4df40a,fce19ecd-ef47-42e7-a7a0-ea5926ca30c7,7000000,0.2483,0.165,2025-08-01,low
76d9ac27-eaa5-4c5c-ba7a-22dc79ec460c,48cd153b-7368-467c-8c87-80698d00b98f,6000000,0.1486,0.165,2025-05-01,high
4833f3b2-7c10-42be-ab3e-f53d68846e03,94ef5c09-6893-4ad1-95dc-aa23e5761c55,3000000,0.2084,0.165,2024-10-01,high
551ed2c3-1b98-4ea5-8278-ecc395489778,b6b717fe-480b-4a74-a676-b1d7c89d0625,5000000,0.2319,0.165,2024-11-01,low
1be3176c-fe22-42e7-80f9-756f5616eac8,d7adf18a-882d-4258-9406-2b44390bfac5,7000000,0.2958,0.165,2024-10-01,medium
0913c783-ce77-4421-88c4-4102001d4197,72f38ba6-45fd-4596-bdb5-a519d8ae874e,4000000,0.2489,0.165,2025-07-01,medium
70dcfd01-a39c-4665-9e6f-03de1b53d0e3,3db04bce-4a9e-49bd-8426-a319c5f7e651,7000000,0.1236,0.165,2025-04-01,high
f22246bc-502b-46fd-bf27-e59221e6255e,16486ddb-7666-4f27-b08e-96ebe60a3499,5000000,0.1951,0.165,2025-08-01,medium
3cf3a38c-21b1-4091-b106-ddde97173daa,55049fc1-a17f-4758-a192-8321cea2e20b,4000000,0.2178,0.165,2024-11-01,high
a782d1bf-1b9c-40bd-9e62-9231d7a55e69,6a3f1f3f-1b25-4b47-bef9-c56cfb46a026,4000000,0.1293,0.165,2025-03-01,low
0c8e7aad-410d-4536-91aa-ecf7110b03e2,3cd6d263-ff03-4642-9331-aa17d3ba44c6,5000000,0.1864,0.165,2025-07-01,low
b79fe142-94e6-4b72-8f19-5152f50466ac,5d5e27c3-8790-412c-952f-23e3ea307e56,6000000,0.1568,0.165,2025-08-01,high
b84992bb-3e2b-4385-a9c7-b435125bd3b4,c9b0acb8-d187-457a-9195-4148a4aba925,7000000,0.1238,0.165,2025-01-01,medium
84d4f44b-b406-4adc-b35e-37a017870ed2,4d8f23e8-5edd-4d39-b9bf-e15def9c9fae,3000000,0.2024,0.165,2024-12-01,high
f02740a0-4363-47f9-91c3-ab2fe5c4defa,8250e2e9-f487-481e-af04-b51d8686e786,7000000,0.1331,0.165,2024-11-01,low
5314caed-be2b-4b80-9574-1ad008ed312a,259697b1-19fa-4f9f-9dc3-fad2c105a68f,5000000,0.2181,0.165,2024-10-01,low
0c9c0383-5c16-4710-9019-ecf687d47b3a,aa84f201-08bf-436e-b303-079dab2c1384,3000000,0.1339,0.165,2024-12-01,low
c26c471c-8610-4bc1-914d-5433575380dd,95b3607d-5d52-46d3-9a71-9aa1f0b117f6,7000000,0.2447,0.165,2024-12-01,low
cef9427d-a240-45f3-9ae7-b13382a4b0ed,9f1420c8-a49c-404b-bc66-e1461b6b391f,4000000,0.139,0.165,2024-12-01,low
41564e66-4035-4e27-ad4e-9032dbf8e844,85815e14-d626-4856-b0f2-30c5ba39b2ae,6000000,0.2793,0.165,2024-10-01,medium
c801cc87-c635-40dc-8dd5-448f46ad6b7a,d565103d-1c2b-4a13-9b04-230dc93cb880,6000000,0.1052,0.165,2025-04-01,medium
e169cef7-5dc9-4308-9ad5-4932dc8eb22a,771b6462-cde0-4f59-9ab3-e30d66f54fe8,3000000,0.2044,0.165,2024-12-01,medium
65a2b553-04c9-4c60-bad2-b641e87f438e,b26ac690-1f3a-474c-9421-9cb8fded8d89,4000000,0.164,0.165,2024-12-01,medium
281f9ef8-1a78-4367-a00b-c765c2186097,daba1c74-0b93-4fc5-9314-65f95cf48856,6000000,0.145,0.165,2025-08-01,low
319338aa-3114-446f-960b-216d920deeed,c932ddaf-3c93-46aa-85e9-ff4a2314bf72,4000000,0.1943,0.165,2025-01-01,medium
ac439ba5-45e6-441b-9ca0-83221487a604,3d1a3857-013b-4e77-9d15-6494bcab9126,3000000,0.2684,0.165,2025-05-01,low
0320ad2a-1bed-4b32-8e72-a96329d7b444,bdbb8fbe-e5d8-472d-8fd0-c88e82554cae,3000000,0.2831,0.165,2025-08-01,high
1e3a1a75-a747-4ca6-97d0-60092584c9ab,9129082e-d35d-49c6-80ec-81b3bbb3d98c,7000000,0.1606,0.165,2025-07-01,low
c02bd6ac-de77-4e58-b234-dca99b28fe47,346befa8-76e6-4973-9c1b-6bf853b2f8fb,3000000,0.1308,0.165,2025-08-01,medium
1774b08d-210d-4ffb-9689-4d05fed53e40,f459ec22-46a6-4630-9f10-4ba52837bb51,3000000,0.244,0.165,2024-11-01,high
e9fa7393-d5c3-4097-8ad0-c0492da9440a,52ee8d1e-cbb3-434e-9a0b-6cda973dcccc,5000000,0.2164,0.165,2024-12-01,medium
8cf412f6-fe96-4d57-aa15-cc106a8ff8f2,2a992340-a4e2-4e58-86e2-1cf7a53b9228,3000000,0.1402,0.165,2025-08-01,medium
399ea52e-8fcf-46b6-8af9-47f45576611f,70f322a2-7503-40e9-86e0-65beb2284b96,6000000,0.2521,0.165,2025-02-01,medium
a1385816-ade9-46ee-8a6c-ddc89d995d8d,744d2443-e4c4-4cca-b6d6-a107c121e1b0,5000000,0.2038,0.165,2025-02-01,low
79496157-6660-462f-b2fe-ecc7953a1bd7,ad22c02a-0147-4b2b-88f8-667f2ba288ed,6000000,0.2307,0.165,2025-03-01,medium
aef050d1-12b3-4217-92e4-1f64f077dbd0,ca1f6f4a-6ae8-44f3-bafe-311747afa3e8,5000000,0.1719,0.165,2025-02-01,high
32408476-599a-4583-8f2e-5cdfb6c3b349,02031952-3ecf-49d9-8eef-dfa8e5ab080a,6000000,0.1878,0.165,2024-11-01,high
d598a489-de7f-4fdc-a7cc-a29070d79b19,75f8f223-891e-4667-b858-0f8bff23079d,6000000,0.1361,0.165,2025-03-01,medium
3fc4f25c-d3e4-4b5e-a165-2aae659a3ee6,cfd4549d-a865-4514-bac2-93eb8f463dd9,5000000,0.2513,0.165,2025-02-01,low
0eedce32-1341-41db-96d5-7f7c5a388493,024f3d18-45a8-4228-b602-e2f9ba5aa43b,3000000,0.1314,0.165,2025-03-01,high
e0be2b20-a50d-469d-a550-92f6e7fbe1cc,97dcbef1-ceec-4818-9aea-550061feb2c7,4000000,0.2557,0.165,2025-05-01,medium
75b98595-b0d1-4040-abc8-bb83b428e7fb,4ea7c82b-9e28-43a2-9420-31dcaf26b254,3000000,0.2596,0.165,2024-11-01,low
0c362bf2-d50e-487d-a333-ecfc38a98c39,e7da3497-aeb3-46f1-a94e-77542d3087ec,3000000,0.2493,0.165,2025-05-01,low
24c3b0b2-e4d4-4f9b-a26f-0b64381c0a6a,2fc363f0-9a5c-4d67-a61f-f92fd096aae6,4000000,0.1039,0.165,2024-12-01,low
859e68e8-9497-45c6-8cdc-beb8ccfc7b95,f7c791c8-28f9-4188-8607-698ca5ab9830,4000000,0.1546,0.165,2025-02-01,medium
7ff6e83e-40f1-4ab3-9b59-519bda7603bf,c82d311e-0ee5-411f-b7c3-c35b781c4aea,3000000,0.1937,0.165,2025-01-01,low
013f9a64-580c-4370-b9c1-14ce528706d9,b0c53d92-e418-42ff-94ee-906655c003f1,4000000,0.2191,0.165,2024-12-01,low
63c4777b-6db9-434d-a99b-890f3e82af99,fafcf0b0-eb70-4bee-acaa-3001ff90eb37,5000000,0.2838,0.165,2025-01-01,low
7284fae8-5a81-48c4-828f-69e98fd10a25,c737a64f-5b28-432b-ba5e-545d723d3543,3000000,0.1751,0.165,2025-03-01,high
288b1914-13e0-4d0f-a02c-c93218514c06,896c7d24-82c5-4c20-a417-4c0567067858,4000000,0.275,0.165,2025-02-01,low
30d37193-8501-4ce8-95a8-c3c5fef8ba80,129c69d6-ddd5-4c06-af97-55368ee64037,3000000,0.1327,0.165,2025-03-01,low
6b7200d0-4753-44d9-b1eb-bbb91d1b07ec,cda0d0e8-79d0-4dfe-997e-92db1cf14179,3000000,0.1743,0.165,2025-05-01,medium
514c1cc8-c353-4508-8647-3144904c8ab4,144da2e8-a67b-4b48-93d5-baec375ebbcc,3000000,0.1105,0.165,2025-01-01,low
3460c3a6-297a-4635-a4fa-7759a0bb16f1,0ef1ba57-863a-4e83-8083-2868e2d81c94,5000000,0.2485,0.165,2024-11-01,high
b545ac6b-9d11-4f7d-a688-36184d00d7a1,5eec2c24-4fb9-4e8d-9438-7e60649896d1,6000000,0.1301,0.165,2025-01-01,high
1056b7d4-62c9-4563-a677-5a6d812c145a,37ad71bb-9ce0-43bc-9009-2b7de1076103,6000000,0.1514,0.165,2024-12-01,medium
e5c5f87b-d53b-4416-a092-c76579ef654f,77b0c560-43b8-4412-bc6e-d2556568ec31,6000000,0.255,0.165,2024-12-01,medium
85bdeb69-cbbc-4989-a834-c4ec93396620,f7321508-263f-40b9-9858-65f8a18904c5,6000000,0.2069,0.165,2025-05-01,medium
615e25db-0025-43e1-9487-738f7ef61dc3,67dd107d-f7a7-4df6-9811-b11a194c126c,7000000,0.1028,0.165,2025-09-01,low
4b5875d5-53ab-4386-9f1f-1049448e0874,4f993998-fe7d-43ff-bd98-ec7c04f5032f,4000000,0.1004,0.165,2025-05-01,low
a1c7710e-cb34-4f59-9acf-e9155648d787,8edfa04c-c262-430c-a508-036d9c931a45,6000000,0.2021,0.165,2024-12-01,low
85b53189-4646-49c8-8c49-39f2ef059bf4,3ea8013a-77cd-4443-8b4b-8dd88ae22055,7000000,0.161,0.165,2024-12-01,low
477eb317-b202-415b-b445-2da6c3df014f,538e8098-3cc9-4ea7-899c-ad823c08cf51,5000000,0.1361,0.165,2025-03-01,medium
d217099a-53a2-4a45-b574-35fd7ac8c1a4,8e75353a-f469-469d-9ff9-bb0d47cd43e5,7000000,0.2227,0.165,2024-12-01,low
f76ef5ad-7dec-4c05-baae-5dd2d1c8daeb,89c2f2b9-73cc-418e-96e8-ee5c31f81a66,3000000,0.1457,0.165,2025-09-01,low
7d1b0df4-23af-481b-b17f-91614b7cb590,6886409e-7280-42e8-859e-1d5b6f1f78fb,7000000,0.2184,0.165,2025-02-01,medium
a87612b0-3634-4e3d-8daf-084a76c8d142,3ff0a1ee-a330-4e0e-8748-48f6c523eeaa,5000000,0.1759,0.165,2025-01-01,medium
c97f2cfe-1f75-46a6-8cea-ac739eae7d37,11112650-cf6a-4cb5-ab36-a68662b8190f,4000000,0.1373,0.165,2025-03-01,low
8a3fc244-3840-432c-b53c-4828178215f9,e12b40f3-3801-4f82-af65-e557cd82d8d9,3000000,0.1276,0.165,2025-01-01,low
a279b5b0-041b-4e3a-96d2-3ec3191aed2c,d70fb34b-f4b5-4035-abdd-08270c2c0160,6000000,0.1474,0.165,2025-04-01,low
7408420f-490e-4af3-8bcb-540865bfd516,b1af16eb-2033-4f98-842b-cbb91559d91f,5000000,0.106,0.165,2025-03-01,low
1a7a339b-4b30-456a-9ef3-bffaa21e5ca1,a3b24276-da00-4665-b4d7-be8a6fa5fb29,4000000,0.1616,0.165,2025-02-01,high
0462449f-3331-4d94-ba75-6febce23306c,3b092a69-e31c-43b7-8012-843540ec0a83,4000000,0.2804,0.165,2024-12-01,high
d4c82510-f642-4714-8195-2a69030e8e8d,1318ab86-dbe8-4975-ac15-e5ae70bd88df,7000000,0.2663,0.165,2025-07-01,medium
ed360f8f-0d09-4427-8cc0-957962db7f01,127db551-d338-46aa-9b8b-ce788191fbbf,5000000,0.1744,0.165,2025-06-01,medium
390b42ce-f5b3-473b-8302-5e20c5ac6749,f8a1bcd1-ac83-42a6-99dd-81bdc03f4c1a,3000000,0.2152,0.165,2025-04-01,high
bf997d28-0e91-46a4-a5b2-44d127a3fc30,466f3fa1-558a-4f0e-89f7-b95bbf74af27,4000000,0.2135,0.165,2025-07-01,medium
68eb7ad6-7544-4c51-896d-9365f4a79733,13b86524-6ca2-429d-a993-31bce8047a1a,3000000,0.2657,0.165,2025-05-01,low
fc1a006a-86e3-40b8-a0ce-0deac44d1a2c,c7d505e9-18cb-41ca-9bb5-e3eb99f2d0b1,6000000,0.1473,0.165,2025-05-01,low
ecb819ed-3a21-4392-b9ed-822c73dd7926,1375200e-182c-4422-be03-2c6c0eb9998d,7000000,0.1593,0.165,2025-06-01,medium
66e20e35-3fe4-4b22-8b5a-b823cafe9b8e,bb362ec7-c8c3-43d5-b53a-5438f4a0631c,7000000,0.1604,0.165,2025-05-01,medium
889568cf-5199-489a-9a6d-8ee789225134,8fafc4e9-df97-454b-901d-b842a9caa2d0,6000000,0.1082,0.165,2025-03-01,low
5d508c32-bab7-4f8f-872e-32fd9480d510,d7c45a62-95f2-4d81-afc2-a35cacfdfb0d,6000000,0.1629,0.165,2025-01-01,low
59ebe50c-ad44-437b-86a4-399605c4af91,5188a41e-ac2c-44d1-8c6e-7e887f3cfc0c,5000000,0.2756,0.165,2025-06-01,low
7f123156-a71f-4876-8155-d5d840b9ae0c,ed0bdf0a-1142-40bf-bb47-0af27166cdd1,6000000,0.2824,0.165,2024-11-01,low
694d635b-f8a6-4ca3-b55d-316af4d98abd,1b968ab7-dc48-45c9-b8f5-aa913747b605,3000000,0.1219,0.165,2025-04-01,medium
fbdc5040-76f3-44fc-b1d4-a5324e3dbbfb,ee0223db-a811-400e-a8df-ce1dc4db94b3,5000000,0.1916,0.165,2025-01-01,medium
a2f5bf7c-9868-4e96-ba5f-82992a685b4b,c75fabdd-908d-4b1e-866c-d4129a02b870,5000000,0.1763,0.165,2025-08-01,medium
725e040e-067f-4fb9-b468-089ebde09315,fe077c28-76e3-4b5a-9ec8-6773553ae243,3000000,0.1979,0.165,2025-07-01,low
d60928ef-4cf6-42ec-a2ce-31c64f732016,3f7dbe87-b5c0-41b9-aa7a-486d0c1b00bf,5000000,0.2109,0.165,2025-04-01,low
7b65e3b6-4ae9-4821-a64b-5fdd8b1e2a9a,10fda59a-c65b-4a15-aaca-ebc9eee7ac7f,6000000,0.1041,0.165,2025-05-01,high
f821b8a4-12cd-4956-9d6d-be8de24469ae,daaa163c-5d84-4aaf-a823-fbd65fd2cd45,4000000,0.2684,0.165,2025-04-01,medium
18e412f4-6254-4018-8ba5-0c640a720120,9e2b1510-c41e-447e-99e2-9298b17e79a8,5000000,0.2947,0.165,2025-08-01,low
fdc51505-3b77-48c7-a0d3-f29d7ffd1992,e9ce678b-6ed2-4390-8916-b8ccd631699a,4000000,0.2307,0.165,2025-04-01,low
ce47d494-bbc4-4eb0-8c91-88d34fbb8c31,17e61a82-be3a-4eb9-add5-743968f7dd3b,4000000,0.2321,0.165,2025-01-01,high
2b8e401e-791a-422e-9397-f562b568c5a9,650056ed-fb1e-44ec-88e7-924766592d64,3000000,0.2056,0.165,2025-01-01,high
2d9985d8-a36b-4be3-a981-eea9a9027911,d0d78129-6ba3-4ea9-9eec-72b6fcab1541,4000000,0.1669,0.165,2025-07-01,high
768967c6-b1d9-496a-8154-bf4fcbf98f95,f35d0efb-5b91-4ffa-9f91-b97c664c1dcb,7000000,0.1298,0.165,2025-05-01,medium
ca7101fa-b3bb-4c13-a63b-14f89f3b6f11,b13473ca-c6dc-4bcd-9457-da53f06af5a2,7000000,0.2168,0.165,2025-03-01,medium
ba2977cc-b1e8-49b1-8d71-abfb89adc6a9,401e9495-98d8-411f-8a38-671cf40898c1,6000000,0.109,0.165,2025-03-01,medium
a1a6889c-0e33-4f65-beab-5d6de71640bd,9532d026-3d9f-4d76-8656-68a34c49368e,6000000,0.2649,0.165,2024-12-01,low
cbb6ba91-be1d-4d8e-a2d1-c373c259756f,f561f8f4-d22c-4082-a2ab-1d7068a7bf52,6000000,0.1842,0.165,2025-05-01,medium
88254379-0ff2-4861-8e95-13cb555d3fb2,2f958ca5-ee7d-42f6-b77a-b76857ad3db9,5000000,0.183,0.165,2025-01-01,medium
f4716e3b-66f5-46ee-839a-ee2c1a9659be,a617a348-6593-4d42-82d4-d63a731a8a01,5000000,0.1654,0.165,2024-11-01,low
9ba0f657-c0b5-4c22-96fa-b48ba32d3482,06aacbc2-52bb-4c73-aca9-ac58af821d3a,6000000,0.2939,0.165,2025-06-01,high
7468798f-4415-4ef5-8d07-4769a9740f4b,d21a22e4-f697-41fd-93a2-75b5877c8c58,6000000,0.135,0.165,2024-12-01,medium
86e701d2-f268-4a54-bcf6-6ca179542f6c,afb0fc77-e698-4dd1-a460-dd7cda514eb0,5000000,0.1303,0.165,2025-06-01,low
bf744b10-b0f1-47bc-a786-1dd906d0740d,d24442a4-134e-4cfc-856f-03afdca2d4d3,5000000,0.1331,0.165,2025-05-01,low
f439d0b2-e926-424b-b5ce-febb2419a150,e51f3f63-7f24-4af9-9bf4-4734e34e69f7,5000000,0.2317,0.165,2025-02-01,high
946aeeab-410d-4e60-bbfb-7d2f60a74161,4b116c58-667a-48a8-a05e-2bb640e2cabc,4000000,0.2984,0.165,2025-02-01,high
d64a2f5d-8170-4908-ae7f-67ce23baf823,67adb7a4-d864-4190-a950-a75ceeb4c587,4000000,0.1471,0.165,2025-03-01,medium
244aea99-3d90-4af3-b105-3230aab8081f,2b0c14ac-44f1-4caf-844e-75769235b836,3000000,0.2811,0.165,2025-07-01,high
6ea30ff4-00f1-4343-9942-96166b1461e8,eb284307-2433-45e1-bcd0-4aca10e56ad8,5000000,0.1557,0.165,2025-08-01,high
b236d82a-08ba-4d23-b8d9-65a6ee0a63f9,4b93c90a-f9cc-4623-9148-4d1b55c27b9f,6000000,0.2296,0.165,2024-11-01,high
516ae0db-f9f9-4139-a974-d2a6b613971e,fd4194d3-92d6-43b2-b545-43cf15710a15,6000000,0.1081,0.165,2024-11-01,high
d498c573-2483-4e74-846b-fb00de86cb0b,c8a0794b-b78e-4c63-8b71-6f9225b011d3,7000000,0.1991,0.165,2024-11-01,medium
bd603e43-bf0a-4b71-9ff3-4d1fc11eb358,6e2bd952-a8db-4406-b8d6-3964ae9b3a1a,3000000,0.2309,0.165,2025-03-01,high
bb0dbaf9-51f8-4490-b2f6-1ae6d07671e0,13dfa1b7-35de-4384-9fd9-3d66b0995171,6000000,0.2073,0.165,2024-11-01,medium
3b10baaa-5087-46dd-960f-b26376eef7fd,1dd8c876-403e-47ce-8633-c8b70ee5fd19,6000000,0.1476,0.165,2025-04-01,high
ba45373c-cc3c-4512-8b1f-8715ea7a0a30,abce8199-82c9-4d67-9191-5fcbccc1ec02,5000000,0.2657,0.165,2025-09-01,low
9cfcd62d-d653-4e67-b8e1-2db42a2058d9,24b63399-c6e1-4408-84dc-dd152eb9e7b4,4000000,0.294,0.165,2025-07-01,high
cd1eb671-3b12-4fad-8c34-6c13a951a5af,0da382f5-ea20-4425-b307-23d80872c9fb,4000000,0.1918,0.165,2025-06-01,high
fa6a6888-69a4-40c6-a06f-ed3ea1d632b7,d8f9f771-c6d6-495b-860f-272c98a55130,6000000,0.2272,0.165,2025-05-01,low
3c1b5997-3586-4f8b-9eeb-4ce99bbf1410,156ce5e1-f1c9-416b-86d6-cbbb2f3045d8,7000000,0.2581,0.165,2024-10-01,high
bcc8a77f-e95a-4474-be38-a810b075b9aa,44bc21b7-5848-4e3d-8d5f-e04717ca5ae6,6000000,0.1483,0.165,2025-06-01,medium
aa79781a-c151-4f2d-87a9-66da78dd1b51,9c8ed18a-c419-4ffb-bdd7-a92370cd50a7,5000000,0.2729,0.165,2025-02-01,low
cb058fc3-5258-484f-9c3a-ac0670658e58,dd5034f1-cef9-4063-a361-947eb9c423e5,6000000,0.156,0.165,2025-06-01,low
20cdbd59-2129-4ddf-ae32-1328fd548974,e783c447-210c-4ea6-a02a-9692fc80974a,3000000,0.2552,0.165,2025-02-01,high
85012893-31b5-4504-8569-f13e57df9ff5,3cef8e47-92a4-4c6d-8d93-62a2a0dac89e,6000000,0.1224,0.165,2025-03-01,medium
0dffd001-4b0a-446b-82ef-fc920a45639d,07c87a75-578e-465a-b2be-1f5d88ed7ead,3000000,0.1577,0.165,2025-08-01,low
a99d3258-3f86-4e76-8cd7-b53fb7f57e4c,d522cfcd-6fa1-40ad-81c9-e534545b92e5,7000000,0.2067,0.165,2025-04-01,medium
094f94c6-852e-4a99-b820-145d82ed5811,d01e6405-4fb1-420d-9185-979f517a99a1,7000000,0.205,0.165,2025-08-01,low
dc1c8183-15f6-42ed-a73e-20a273251fb6,498ad866-091a-4ff1-b1f6-40ff56bf5fb5,5000000,0.2701,0.165,2024-11-01,medium
d76e8982-eb75-45a6-bc30-4a17854756a3,ebc50f6d-7e69-4f3b-adfa-6d12d98bd3e1,4000000,0.2992,0.165,2025-01-01,high
9696ee65-b309-4518-a9b7-09d3d8c6b80d,90e87801-3a90-454a-8bc1-1c4470f1efdd,6000000,0.1214,0.165,2024-10-01,medium
994ed3b4-4b24-451a-b764-fdf10f3da043,e2000a75-c917-40ce-8b26-7ee469536b2a,6000000,0.1543,0.165,2024-11-01,high
7b5cf607-3031-4fcd-9471-7ea106e0ce35,d52f0c3e-c381-4d5f-9dd2-6b4d74cf5359,6000000,0.1715,0.165,2025-07-01,medium
a3a8f769-9bc4-46a3-b016-57144a216fda,36f4ee5b-be6f-4645-8125-66ffa7841210,5000000,0.1958,0.165,2025-01-01,high
f9ea0f0f-c6b3-455c-8618-cc5965b74a51,beb17938-d64a-470c-8d85-2e3716f14762,4000000,0.1988,0.165,2025-08-01,low
1ca37da2-7be3-42b1-86bb-75e607ae3b7c,dc1aa4c6-28ab-42f1-be08-da61e7c5ec37,3000000,0.2712,0.165,2024-10-01,low
6aee5b86-8f08-44ce-a24d-db2d20472944,9ffdc1f0-5079-49ca-9725-ea9cd662d661,4000000,0.2541,0.165,2024-12-01,low
446bcb79-bde3-410c-b4b7-6f97a91f77a1,fbde2cd7-69a2-4b60-ae34-07df6678f991,5000000,0.1038,0.165,2025-01-01,medium
694ebedd-4dc4-4d42-a48b-38bd827f1bbf,2e427bc2-6ccb-4406-a5e9-24c82d050aab,5000000,0.191,0.165,2024-10-01,medium
7590d64d-3452-4602-aef6-d366add2f7cb,2426c56e-e6f7-4e7c-be36-fabe4d5db241,5000000,0.2236,0.165,2024-11-01,high
0816c855-17ec-4409-89f4-5de0eaaca5dc,9c53ee8e-40f7-488f-8457-96309892ff61,4000000,0.1921,0.165,2024-11-01,low
98d28865-292f-4427-b910-c725fea346f1,d87e9826-9fe9-4819-8e23-a91fc2dafa54,7000000,0.1261,0.165,2025-08-01,low
1e4a7a71-2fcf-455b-922f-32445c48bdbd,b89840ce-7628-4ee5-9085-9f2db8601c3e,4000000,0.1795,0.165,2025-09-01,medium
9ff0946e-fb56-4292-99f9-71110111576d,53eec9b7-387c-4f83-aa03-fcc00f102c04,7000000,0.1823,0.165,2024-10-01,high
4090fc62-d545-4ce9-a676-f3df713bc64e,ea0c1144-49e1-4f86-bc6e-a39904d150f6,4000000,0.1375,0.165,2025-06-01,low
9ec79143-a484-4316-b181-47637e557c7e,d2ee42f7-d6ec-4250-b1b6-75116331a398,5000000,0.2513,0.165,2025-04-01,low
c642a9fe-bb7a-413d-abc1-5aa2ae6f1395,6e1b5fca-c2ef-4dd9-bda5-35990a1398a4,6000000,0.1643,0.165,2025-09-01,low
5cea3c97-3815-4fee-ac7c-c2a6f693c84e,9ef4eb4f-1747-4703-96e9-64917d062091,4000000,0.2178,0.165,2025-02-01,medium
c810bfae-5514-45fe-9a08-4fde7d2584dc,21585571-300a-4c16-afcd-649082c9ba47,4000000,0.2031,0.165,2024-12-01,low
06da852b-23f6-4dae-9a19-17f85f5ee152,85c66a4b-db6d-4f9d-a316-d8bab976df32,4000000,0.2755,0.165,2024-11-01,low
6770b7aa-6665-4bee-aa33-62c89bf944dd,f44510d8-2273-483f-a571-7056a91af69b,7000000,0.1244,0.165,2025-03-01,medium
81860025-52e8-430a-adf1-11615d133e45,e1c4f0c4-5900-486b-a85d-de2eaf740f6b,3000000,0.1229,0.165,2025-02-01,low
f5e538cd-fbd9-4696-bfa1-0d795dc2337e,190b6fda-b4b9-407e-8c14-167032463643,5000000,0.1601,0.165,2025-03-01,medium
ae11b2b3-2ae8-4b51-94c5-70a2c3cf6483,62df2854-f0ff-492b-ba46-45f3536f05d7,6000000,0.1862,0.165,2025-04-01,low
ba0e992b-e41f-4c03-90c1-a7d9d7851921,2d7d5d7a-46d7-4c93-991d-1895741ec544,6000000,0.1597,0.165,2025-03-01,high
8ec37ffb-42f3-4c70-a090-ff074bf4df3e,b9caff48-80bb-49e2-86eb-db664544a6ae,5000000,0.2526,0.165,2024-10-01,medium
cf36c182-297e-40c8-9997-a98765a3395d,4efc40af-eb0a-460d-9fa8-4958f4d329a1,3000000,0.1491,0.165,2025-06-01,low
6f3ff4e3-fa06-4de8-b034-8d5c31c359c2,4c829756-fd29-422c-a249-ce21221adf57,3000000,0.117,0.165,2025-04-01,low
a02c7577-ed7e-4b52-9604-f56ec14685e6,2fbc41cf-a730-428a-9cac-376f668ee4ab,5000000,0.1828,0.165,2025-02-01,medium
22feb038-7ff3-48ea-8b3c-08798778052f,c5700a30-ce85-4741-b934-d230d7ade447,7000000,0.2547,0.165,2025-03-01,high
2552857b-a5f0-4450-bca7-10440e83f3ca,0e64ebd7-65ce-4cb2-ad5f-f52f3cae63dc,3000000,0.2701,0.165,2025-09-01,low
415c5057-8a1c-473a-bdaa-1cee52c149d4,f7878743-7936-40cc-a1a4-b35f5a6b49e0,7000000,0.2467,0.165,2025-06-01,low
b70a2039-555f-4bd1-8e2d-87cbedd0efdc,838e9f07-35f7-451d-888c-d7acdbb11e3a,6000000,0.2116,0.165,2025-02-01,low
0809b7f9-fa50-4eb5-98fb-e9c5fd41c070,44c4a5a5-1738-4766-bfb1-818187cc0531,3000000,0.2448,0.165,2025-01-01,medium
53837ecf-4274-46bb-8b6f-e391ab7a55ef,59136714-e237-45d5-8815-e830175f3916,4000000,0.2363,0.165,2025-01-01,high
8c66ddb1-6c1e-45d4-af42-57de9e405afa,4ad8f50e-b799-4150-be5e-59b86fabe137,4000000,0.1469,0.165,2024-10-01,medium
fe2f3c01-e002-4d55-aaa0-76e6fa87707b,92bf917b-ee11-451c-8f71-fbb92ea59f1c,7000000,0.2102,0.165,2025-01-01,low
34ab7d63-63e3-4ace-b092-c5896cf35b3f,c799a3a3-80c9-418b-aa8a-81d9356491f0,5000000,0.2541,0.165,2025-03-01,high
940c665e-2548-4aab-8975-18d370d67df8,9c38d273-7f0a-4eae-931a-12fadd2b075e,4000000,0.1634,0.165,2025-06-01,high
1344f711-6c58-4234-8b6e-94f33ad875ab,86361a16-847f-4a74-858d-5a0b71cb56d5,4000000,0.2308,0.165,2025-05-01,low
c27f8b6b-aa55-47e2-8d9a-241e9e090411,427d1ae3-d401-445b-9615-21532851cc48,5000000,0.1963,0.165,2024-12-01,low
1094face-5aa4-43fa-a462-4e3e72ad615e,7b6092c6-6b9d-4026-9fa7-2b5de57d9fcb,3000000,0.2006,0.165,2025-04-01,medium
23ed0dec-f3c5-4590-a37b-09962dae388a,a68538c4-2059-4ea0-90e9-27427e356c15,4000000,0.118,0.165,2025-01-01,high
9c0c9e84-234a-4b16-acaf-5f9bcfc40dff,05f75222-ee61-4c5d-a5a3-9e78f18fc340,3000000,0.2332,0.165,2025-08-01,medium
e34c3acd-11d1-45fe-a48f-29bc6ff57cb0,47241a79-e1e3-409f-b560-e6c78ce9ce5f,6000000,0.2731,0.165,2025-08-01,medium
fae00580-859d-4006-b961-3dec107c308b,d1bc231e-1d47-4ac7-8ead-bad7251e55bd,6000000,0.1283,0.165,2025-07-01,high
a77396ab-d36c-4219-8d8d-029d0471bb4a,6d3e8245-6cb1-4090-8000-cf082910f858,5000000,0.1732,0.165,2025-07-01,low
8edbd604-9ba3-4b9b-8cca-9472cd2335a3,abcfe451-f869-4dda-af11-3bc0b0950531,3000000,0.1097,0.165,2025-02-01,low
25d71baf-21fc-4386-af42-1730316e1a57,24f5b64d-801f-44ff-b61b-99e6a2e8ff02,4000000,0.1059,0.165,2025-02-01,low
39afa026-a4df-4bd0-af58-c17d9018c1ad,28f6dc36-eaea-443e-870a-b3cde32e3107,7000000,0.2979,0.165,2025-03-01,high
6426f537-f77c-4b03-8f45-c61a34b44074,e4a4c7c2-e9df-4ff6-8468-78e267689c05,4000000,0.1987,0.165,2025-06-01,medium
f9d45105-4363-402b-a548-5175385dbf01,477d5128-1660-4a01-a3ca-1017227055d6,3000000,0.1711,0.165,2025-03-01,low
4dfa01fd-2771-4250-a418-ef4d48135c5d,c3179ebb-5e1a-45cc-a630-3695de5dd9fd,3000000,0.155,0.165,2025-08-01,low
17efe62c-12b2-4e7c-91d0-f2e0ff771be2,327ac337-08c3-4bde-8708-8473dc95920c,7000000,0.296,0.165,2025-04-01,high
55340ef2-a3b7-46ac-9d97-a0ba70009cc8,d47ac17b-f675-4545-825b-4e889438cacc,3000000,0.1505,0.165,2025-08-01,high
7197f5b1-75b6-466a-a589-88b8270cb0f2,0bb1242e-12db-4e84-a05f-7e1fe7792a83,5000000,0.2451,0.165,2025-09-01,medium
185a9028-8a8d-40d5-9c6e-5dbc67aa65cd,85f3fa73-17f9-4954-99a2-287dfdba4be9,7000000,0.1568,0.165,2025-08-01,low
2a7e59c9-9b6b-4efa-9a17-134a4b5d704c,115964d2-9a0b-41f0-b8a3-9c0d333d938c,6000000,0.1141,0.165,2025-08-01,high
8367edb0-f81d-41d4-b596-25b283ac205c,31310906-b8d6-4cd7-942a-669a55cdfe4b,5000000,0.2367,0.165,2025-04-01,high
1c4a1d39-3804-4349-9d75-f0c4a8c3b467,d3ab15fc-4fe7-41bd-94bf-dee7c2bf2d84,4000000,0.1003,0.165,2025-03-01,medium
c85b14d6-5d9f-47f8-a2b6-bed5061b5ab4,c274b367-b304-4957-91ce-1d01cc8ab8f1,3000000,0.2351,0.165,2025-02-01,medium
075336a1-85c6-4ac7-bd62-f091a3d4f4fa,b3efe66f-c2d4-405a-9dd7-06d82dd9e7b5,3000000,0.1501,0.165,2025-04-01,high
2e9be6be-8627-463e-87f1-f2a7886b2fd5,d8ff5ecf-92b6-4322-9be7-501fd5c1a328,7000000,0.2492,0.165,2025-07-01,high
096391c0-27b0-4bfe-a7fd-67a30a6830c5,fce160b4-0415-4a35-b43d-771ea661b9b1,3000000,0.254,0.165,2025-09-01,medium
39e72386-6409-4a19-9bd5-644796d14bc3,a47217cf-fa08-47aa-82aa-0e6c013bfff2,3000000,0.2448,0.165,2025-01-01,medium
ac49dc54-7198-4c40-8c39-058249c0a567,f8f03fe5-c23e-4e08-a4ce-7c89aff4164a,7000000,0.1049,0.165,2024-10-01,medium
bb48d7a4-e5ce-4384-9829-9eed594831fc,25387c52-ec3e-4420-9420-19c032221737,5000000,0.2407,0.165,2025-06-01,high
00d82108-ebe7-4fbc-a3e6-f21df497dc3d,596b3f10-6ee1-4e7c-bb63-1292ecce3ee5,4000000,0.298,0.165,2025-07-01,medium
3975f6a0-81be-4894-8273-ef16b21d44e3,b6d121c7-e050-435a-a7b0-69f68d0b460e,6000000,0.1485,0.165,2025-06-01,low
701ebf96-9931-4e29-b2d4-6d4ba0e147f9,6c381474-613d-4a1a-acc0-fc3a694b1625,5000000,0.1548,0.165,2025-07-01,low
3920404b-7559-4d74-9abc-f10c4bce413c,b0f1f1a4-5aaa-49e3-a7a6-e4bedcc560d4,7000000,0.2627,0.165,2025-07-01,high
b9ca626e-1dcc-46f9-be3c-5e37eb903f41,4ae00dd9-3ac4-4114-b7b8-41ed28551fdb,5000000,0.1321,0.165,2025-04-01,high
9e4a544b-4123-46e0-b248-2099b5018b23,5f47984e-5280-4e99-9a08-4b6a23f03c90,6000000,0.2321,0.165,2024-12-01,high
a6cadbb0-631c-4076-b3cd-dbbc158f5fcc,9d0c7208-d1ff-4e17-81c7-92a4f4e2b61c,7000000,0.251,0.165,2025-01-01,medium
94b41f0e-1c8f-4f75-ad65-1ccc2f498694,0459726d-41b0-4782-a376-4a512f7cc179,5000000,0.1074,0.165,2024-10-01,high
956cd82d-e3f2-4a73-be22-f4f04312b374,58d9a18e-2a73-4420-a5ff-d9038d7f7fb7,4000000,0.2108,0.165,2025-05-01,high
bcb07ca3-e200-4e1e-bc56-e8bfb61ee146,c3f42468-211b-4193-b238-5caf76404921,7000000,0.2152,0.165,2025-04-01,low
b341740d-b142-4423-bc7a-3eb3a7f667e5,2636e35e-4a1f-4d50-ac63-e838c59617dd,4000000,0.1607,0.165,2025-05-01,low
99fb1bac-a6e5-49c0-b2ee-23b1212b43ea,42ac3518-b962-4930-896d-bce594d15fe6,3000000,0.2753,0.165,2025-09-01,high
e293b545-d096-4dc3-8dba-b408b1040746,334f081e-583d-466e-8f92-7d08b85fa025,5000000,0.1325,0.165,2025-05-01,low
7a8a9110-6e8c-4bb2-b9f6-2e55750c80f8,3118bd2b-0397-4a1f-a594-680c5e62884f,7000000,0.1728,0.165,2025-06-01,medium
f4683012-67d6-4678-9a55-b3d8073e8e84,e4110da1-2a69-474e-8829-9f62c9651e88,3000000,0.2697,0.165,2025-04-01,medium
07eb577b-9801-4800-8fdb-3e8af5c0b75d,ef5f8747-5c21-4837-a22c-cd93645b2a55,7000000,0.1381,0.165,2025-08-01,medium
567c8b81-36dd-4fe1-b478-68f7128a1cdd,6523cf6b-d494-4d42-9032-956f86af2fa8,7000000,0.2643,0.165,2025-01-01,low
64fb0333-3201-4e64-8178-1bbc4dba5a42,46d98119-a6ae-44bf-b858-6333cc10250f,7000000,0.1158,0.165,2024-11-01,high
15053e04-3839-46af-a07f-33112b772adf,d8c991c8-b9b2-49a3-8b64-a55c2eb25052,5000000,0.1978,0.165,2024-10-01,low
ea8e5db1-3c71-4d5e-abf3-a7d6656f28e7,7ab60c8d-ec92-45da-83d0-8a67f3bd1f45,4000000,0.1151,0.165,2025-08-01,high
3d0ddfe6-2d6f-4dfc-b278-3a98d77630de,060f0f4b-c3d8-4aa7-a5b0-f1f28918de8a,5000000,0.2356,0.165,2025-08-01,low
4e5623bd-21e7-4043-bb43-2568524a59d3,54c23650-0360-47c2-967d-48bb5aafc249,3000000,0.2581,0.165,2024-10-01,medium
08f9afe3-911c-4c7a-9697-a50e84b55d42,361a704a-1687-4f5b-bba5-30e2e922650b,7000000,0.27,0.165,2024-11-01,high
8cd60f3c-dea6-4568-80dd-106fe4c91635,989a0c60-e1c4-4bf0-b96d-d712add0bea3,6000000,0.2963,0.165,2025-02-01,low
f3ce98c4-a497-4ec3-ad9e-8e0206350f8b,d10ccc32-398c-47e0-9ef8-17805bb79877,5000000,0.2344,0.165,2025-06-01,low
2faed27d-c1f2-4ba8-96a1-4db7b917c5f0,54e798ec-b9cc-4b34-bddd-39dfe47db380,5000000,0.2538,0.165,2025-03-01,high
a820e822-8372-4bc3-958d-1f6f759a1575,87c2812c-23dc-4308-81df-11746e8f1ce7,6000000,0.2012,0.165,2025-03-01,low
1cad67e0-44ff-4006-927f-c7e3def77700,78ef86f2-9424-4b61-ae6d-5403eefc4247,5000000,0.2825,0.165,2024-11-01,low
c0b5aa14-7425-4d74-83b5-7fa25aec0762,529f1e9c-2d2b-4c7a-964e-803ac727bb71,7000000,0.2288,0.165,2025-03-01,medium
d23c1699-5110-48f3-a085-1b1e522f3532,69e16506-83e3-4242-b437-8471093de761,7000000,0.2767,0.165,2025-09-01,high
34116726-907f-46bc-9f08-574aa1bf1a5f,c3da86af-5756-4867-9eb1-44368a2bf6cf,7000000,0.1471,0.165,2025-01-01,medium
98e94c4f-2a0c-4baa-836a-cb2dcd06f80a,0da1def1-6ef0-44ed-a70a-7185c704cea8,6000000,0.1993,0.165,2024-12-01,medium
6fb0cca6-bbfa-42e4-96d4-f239856375f5,8cff0d81-14bd-43de-9d27-9b5ccc3d6eda,6000000,0.246,0.165,2025-06-01,high
a7a78e20-3881-49fc-b131-decb9485b3fe,2025fc6f-35a4-4277-9ba6-1de93a2e3d75,4000000,0.1405,0.165,2025-08-01,medium
d0481304-7af6-438d-9d59-991b8bf7ba53,882c1686-987c-4e22-a5f1-9ae5a692d504,3000000,0.1423,0.165,2025-08-01,medium
fb49baf3-1024-4647-be28-b2a571b7e9d1,d015ccc2-7845-4003-be3e-cf0114d021b9,5000000,0.2956,0.165,2024-11-01,medium
ae33f9ea-a9cb-4e7a-8c16-9e328e1d4ded,c13b0d29-4a3f-4a7b-b51a-fa7850e44b89,7000000,0.1869,0.165,2025-04-01,low
23375f72-2e37-4dbd-81c2-559bcc6bd611,ff941eac-76d3-4f55-b46e-d94f3b4da5a7,3000000,0.1364,0.165,2025-03-01,low
d9dba12d-10e9-4fbc-9859-195ad5d863ff,5f2efef8-fa59-4aad-bf09-5665165013e4,5000000,0.1663,0.165,2024-10-01,medium
10b4aaf8-00c2-4509-9162-3f858f859bd5,ca1485ab-432d-48e9-9a13-e5c12f97bfda,3000000,0.1795,0.165,2025-09-01,low
4901472a-be8d-4d4e-981d-4f3a847f8b35,d6ff9313-694d-487a-96c8-99965d80511d,5000000,0.2246,0.165,2025-07-01,medium
647f019e-310d-45fa-a94e-fb5999f406b5,ac5fcd5f-f8f9-4cda-961d-98006e45b8a1,3000000,0.2846,0.165,2024-12-01,low
9dba2af6-ea08-4726-b202-9f003ef6c459,844a5e10-2ca0-43c4-9f84-8a4b94c136ce,6000000,0.2973,0.165,2025-03-01,medium
54b39c61-d5ab-4714-8016-8d44022bb9fe,ff15792a-5ea4-4747-a2be-59f4286b5cf8,7000000,0.2303,0.165,2025-09-01,low
46794377-1fae-46e5-b077-8803656e4f9d,c97926a4-0009-4330-9dd9-a4b05b290e46,6000000,0.24,0.165,2025-01-01,medium
8083b268-9999-45d2-9df7-bc98adf479a1,eca5f0f7-58d7-4320-b51b-a577f17a841c,6000000,0.1644,0.165,2025-08-01,high
277388fe-1524-4e31-9a8d-0d904f350925,d65ebbeb-5ddb-4252-8e1f-3d5c9a4f155b,4000000,0.2714,0.165,2024-12-01,medium
c62366e6-360d-43d7-a4b5-fb764017d89d,62fafffe-8c0f-45a8-926e-3e2c6b9e21f6,5000000,0.1436,0.165,2024-12-01,low
a9e17079-91e3-4900-ac61-ae258a406032,d743db15-b35b-44a4-bf0d-9492e41b54ab,3000000,0.1213,0.165,2024-12-01,low
6287a5b9-3e6b-49ed-b016-80ef23918148,5b05d57a-a339-45bf-834c-27420dd43e86,4000000,0.2947,0.165,2025-04-01,high
e0e9bd5c-b271-4cf7-a2ee-be2468ed512b,5baf536d-df84-4bc7-83ba-3205bd1a722f,5000000,0.2728,0.165,2025-06-01,low
eb15ed33-4ce4-436b-ad84-bf225ef80831,62a82a98-b058-4ee3-888c-d568a181800c,6000000,0.1607,0.165,2024-11-01,high
1fec077e-3786-493a-81a5-fd4b6d9600a8,33d06604-b49c-40ec-a9e7-0af0328f8bd0,3000000,0.235,0.165,2025-03-01,low
db5e2859-5f62-4646-a07a-89e609c1b2b3,16a67818-1b89-45a4-ba43-7f6dc4741abc,7000000,0.1934,0.165,2025-02-01,low
e76eaaa8-2b5f-4c44-9a62-145ce939d4d7,50999552-72f2-406e-b4b8-0629711a43b1,5000000,0.1646,0.165,2025-08-01,high
1518190c-3000-43f3-a1ab-d441ba424958,dbfc4760-348d-4a6f-b552-e3772d5876aa,7000000,0.1574,0.165,2025-02-01,medium
e1fbd44c-ec71-44f4-8b7c-bfd252e9e257,6b575b4a-c26e-448f-9559-33afebc8ad39,5000000,0.1272,0.165,2025-03-01,low
cb45c313-e0cd-4fac-80b1-a2e83aed9b27,cc0116ae-96ee-488e-8d79-edd0e2beeca6,5000000,0.2099,0.165,2025-06-01,high
91b89855-e870-429c-99eb-31bcd423d5c6,d9326176-878d-4d33-82ab-b7df48bb118e,6000000,0.1893,0.165,2024-12-01,low
1bc32a15-c877-4a3b-8cbe-b49af93e0261,3a4abcc5-7774-4917-b7c9-098b37210f34,7000000,0.2024,0.165,2025-08-01,medium
0aa0966b-e566-4e90-8fd2-58e7060e59c3,d85b1482-edef-44f3-b5dd-fe23e4a2e9d4,3000000,0.1431,0.165,2025-01-01,medium
35301213-1119-45a7-802c-cbbf029bab89,6004bc5b-3149-4704-ad80-094d430729b2,5000000,0.2877,0.165,2024-10-01,medium
1dc4ef07-28b2-489d-b8da-4c14b923c887,9fbd4a73-c40b-4148-ada5-44c8f6641631,3000000,0.2277,0.165,2025-03-01,high
0db23c70-f45a-439b-832c-0b1fcd0d2315,db1271c1-c8df-46c1-b31d-01751a902415,5000000,0.2799,0.165,2025-08-01,low
74b1cd26-fb38-418e-8bbf-690a7208ebd0,13b16444-9f90-4fd2-9a2f-ca270ad84a3c,7000000,0.1219,0.165,2025-03-01,high
c801428e-3ef1-4033-bfc4-ecf475571c27,de490d50-3743-45c7-9a5d-c66ba9ef9ddb,7000000,0.2246,0.165,2025-03-01,medium
5949cdaf-eac4-46c6-8464-8400e4d52d8f,42b6b2a6-cdd0-45c4-8485-47abf628b3b3,4000000,0.2699,0.165,2025-03-01,high
e087dc81-7a83-4739-a3d9-1fbe7a485573,5a79477b-af95-4ffa-b791-f8b30527933d,4000000,0.1662,0.165,2025-06-01,high
34e3a08a-82e4-43f8-be66-c7036c083ccc,4db8888a-8ad7-4324-a72c-3ca98e931914,5000000,0.139,0.165,2025-02-01,high
7c8115dd-a189-4ad0-a5b0-5b47f87af20a,584c9362-21d7-427b-8175-f46ce98167c5,4000000,0.153,0.165,2025-06-01,medium
b124b4d6-ee62-400f-8eee-2ced68451772,22b25d86-55d5-4a94-bcd1-8de25d63b1da,3000000,0.1546,0.165,2025-03-01,medium
0d89f4b6-5f38-409e-8f91-4e118fac089e,008d9876-a362-4cb0-939d-bb2151ce4f7a,4000000,0.1894,0.165,2025-02-01,medium
d038a5ee-0ea1-47ac-86ed-6f1c459d6752,3862b3ec-fc95-40ff-b277-24ca6d7f4d5d,5000000,0.1652,0.165,2025-02-01,medium
7cbb90f7-9f7a-4ca4-aba8-b379e9a4ccfa,d1b04e44-4e3b-4db1-9f5b-e6fc0c5f6dee,5000000,0.1543,0.165,2024-12-01,medium
f59d3991-c374-454f-b665-5290c9c9a894,8c2970e9-fcb4-4fc0-94ad-0a0f9d298765,7000000,0.2297,0.165,2024-11-01,high
136e763b-e03d-4b11-813b-384d37d65547,b1722170-6958-4475-bac2-28b90fa0f0a4,5000000,0.1106,0.165,2024-12-01,low
a72aa017-9fbe-496f-af0b-daf23f0b9228,dfcab4e7-2b7c-43a3-8829-d4465545ef03,4000000,0.1681,0.165,2024-12-01,high
fc4049c0-1efd-4527-881f-9c4e6d134b74,0198afbd-26cf-4191-a2e5-a057daa13917,6000000,0.238,0.165,2024-11-01,low
4a4d9184-4d2c-4a47-9230-17a498510c9b,85ce2a48-7587-4259-8e1a-0467bab56139,6000000,0.1352,0.165,2025-07-01,high
0d2599fd-d94f-40f1-81e7-b6d5a7793a92,47b62168-6099-47e5-915b-6ed369cfbd67,5000000,0.1442,0.165,2025-06-01,low
4abf4b51-4062-4fb3-8e46-5a3550fd9044,34d6b4c6-7b31-4555-9f92-a5d1befa6afb,5000000,0.1401,0.165,2025-03-01,low
eac4b7dc-8bd8-4f21-b67e-33d77f08a9ab,39702eeb-ae8a-4aa7-a307-f67a50a7e556,4000000,0.1002,0.165,2025-04-01,high
1d258e4c-2fdd-4aaa-beaa-132dc0fc6049,6f96cd8c-1ead-42d4-b908-0068eac039ed,7000000,0.1948,0.165,2025-01-01,high
a6fad0c2-c3e8-43d2-a217-0af32eaa606e,8c2d4939-2ecb-4042-b0c1-701049587aaf,7000000,0.1078,0.165,2025-09-01,high
82ec58c5-06b6-401e-87d5-1f052ffe63a0,dfd137b9-d330-4497-8a78-a45937ae32c2,3000000,0.1546,0.165,2025-08-01,high
c50e65d1-d666-40b4-bc76-f971126cf961,ce7ffde9-46e2-4bba-a17e-37e5f3cae858,4000000,0.299,0.165,2025-01-01,low
8b57fa10-3bef-4ef9-a9bb-2b2ed31de677,2f967b21-071e-4a37-8634-b8e69c1cc1bb,4000000,0.2837,0.165,2024-12-01,high
53927f6a-bf82-4655-ba78-c392fec8d170,e36e47ab-cde8-490a-bc5e-ef0c9b1eb861,7000000,0.143,0.165,2025-06-01,medium
679d56d2-32ee-4a5f-8d86-b57d5529a977,0fd6a5f4-b44a-401f-b9b3-cae2ec269662,3000000,0.162,0.165,2025-06-01,medium
289ade07-b2f0-4825-aca1-15459cb5263d,995140de-d5e1-4a69-820f-1cf24825837f,4000000,0.1927,0.165,2025-03-01,medium
b250b829-6b85-4d6b-a287-1e057ab46778,22540e39-28ff-4ea5-99e2-a2606c35fc15,4000000,0.2689,0.165,2025-04-01,low
06fa99ef-5f40-48bc-b1cb-cac3809efa44,4811fc1d-5611-4831-b7ce-4f3f6dfc2beb,5000000,0.2605,0.165,2025-07-01,medium
852c6878-cd67-47fa-a5eb-7831613f1039,613c02de-be09-4a2d-a2b8-ce6872c286b7,4000000,0.1252,0.165,2025-03-01,high
5fdac65f-ff9e-4abb-8dfb-37e2b26ba270,258c37a2-5b62-48e8-b065-5de735d54026,5000000,0.1249,0.165,2024-12-01,low
1a7ce509-3aca-49f1-b921-5f1fffcc074e,df3a6a3d-5fac-4f37-9397-59c27c1c6398,6000000,0.1833,0.165,2025-01-01,high
c64a38bf-845c-4b01-bf07-a812d67037fa,4936a0d4-3ee1-4fc2-9af8-fe9f173b655a,7000000,0.274,0.165,2024-12-01,medium
9d280c47-c560-4609-9868-9d42dcae6de3,04e1dffc-bbf5-48e5-8d06-797f0f553797,3000000,0.2764,0.165,2025-02-01,low
62ac58da-7fd2-47fb-92b5-4aab3fec0d54,cb92f3cb-5611-4f8c-8b9b-7898052b760b,3000000,0.1215,0.165,2024-11-01,medium
75941cdf-587a-425e-8a77-ad07c3171be6,295d7408-7f10-43e8-a211-1b8b30f7c10e,3000000,0.2149,0.165,2025-07-01,low
d798fbae-9b75-4c99-a5d6-eebc6863cc3a,f681ece9-da8f-4fbf-94ff-4301f25018c6,7000000,0.1311,0.165,2025-09-01,low
bd9454be-3441-4142-95c1-b1870ee129c2,76394248-e426-4a13-b915-b2e6ed029d7a,6000000,0.2372,0.165,2025-08-01,medium
da1174b1-1691-43ff-92b1-4653d5737131,7014413c-9964-4781-bdd9-a278e0c7fbb6,5000000,0.2833,0.165,2024-10-01,low
4db02575-0910-476d-9632-aeae01781708,3ec98a1c-88ff-4ab8-9437-2c8f648e6078,6000000,0.191,0.165,2025-02-01,low
b95ab5d0-0e04-4c73-bc60-501fde9f4199,8e631656-8eee-4d18-bd53-b40adf9e0770,5000000,0.1166,0.165,2025-07-01,high
b4c21561-531f-4954-bebb-89e3cc75f0f2,6c82b555-5b38-44a2-89c8-7df423f5a520,4000000,0.2159,0.165,2024-11-01,low
c25e7e4a-4348-4ee0-ab8c-94a065f0b45d,622513de-bc4b-49fb-9914-393a9cfac5ac,5000000,0.1817,0.165,2025-06-01,high
e87a2363-e7be-4d28-a21a-a6a1c04697b5,66c7b9d2-0aea-4e4d-a5eb-74a375ec1de4,6000000,0.2622,0.165,2025-02-01,high
b3eab45d-3308-4fa4-abe2-3f3b1f26d2df,872d6792-8673-4433-9d63-b1e87196c1e4,3000000,0.1681,0.165,2025-07-01,low
c0d16e3e-df39-4614-9f5a-6fda6cf53bdc,fb50dfbd-a27d-4c22-a739-e5ff557a55c1,6000000,0.275,0.165,2025-08-01,medium
e6280c9a-ebe7-479a-a8b8-51be40390ae5,a4271bae-b69f-40d3-8ee4-1f1eea802aaa,5000000,0.1547,0.165,2025-06-01,low
aba56744-8ee6-4db6-910c-c767bb670268,65167a98-5071-4f3a-bd8e-457b5fc85a5a,3000000,0.1315,0.165,2025-07-01,medium
8cbe10d0-fe48-421f-a922-2d01fa048b19,f5456e61-0c18-4a2f-965c-4c1bb813eda9,4000000,0.1613,0.165,2025-03-01,low
97a0f231-5cbb-471c-bbfb-951b06f46667,0b180523-ee6b-4f2e-9def-179147be642d,5000000,0.107,0.165,2025-09-01,high
47a8d6e0-e548-4da0-96f3-34f76e165b8a,04e1b049-3aac-4d0b-94d0-84db35692228,4000000,0.1562,0.165,2025-07-01,low
4d76d66e-ce2d-49e7-96c5-f8e729ccc8c0,444d271a-6e99-4365-9a5a-50b474e6cada,4000000,0.232,0.165,2025-03-01,medium
0febd529-131a-40e7-8ff4-7649468cf64e,9c0287dd-78ea-4095-8d7d-28026c8bcc0b,6000000,0.1285,0.165,2025-05-01,low
391e102d-e4da-46bb-b077-fcbe6cda6ba9,96ae3a55-4cb9-47af-9431-c59ae4a15f2d,5000000,0.1223,0.165,2025-02-01,low
31fe12d8-75ef-4384-a8a8-11c8a3e3b8ee,fd6657c4-d4e9-420a-8b4d-dbd5ade823c5,5000000,0.1265,0.165,2025-02-01,medium
2c5d8cb5-b597-4505-9c82-a2b386d9e599,e814499a-426e-4381-bfba-258176a9df45,6000000,0.1155,0.165,2024-10-01,medium
aab8df8b-65d1-4592-8649-4b8fa2ac4c4b,93dc7700-f0e9-4ca9-ae46-354ddf000a7a,3000000,0.2749,0.165,2024-11-01,high
538e53ae-2136-4770-a24d-be32518669af,ca7425c2-c4a3-4bfb-85c2-9dc563dd60aa,4000000,0.2888,0.165,2025-07-01,low
07f9b362-a4e9-4878-833c-b3a0644462e3,b83b182a-b321-4591-bf70-c93369383cdb,3000000,0.1093,0.165,2025-01-01,low
ac6a9b8c-630d-4074-ac84-c2d2729f4c9a,cad1b6ff-72a9-4e15-95a2-abdfdce010b4,7000000,0.252,0.165,2025-02-01,medium
260cd602-c361-4cc4-a596-2c0ea8652c91,cca2a05d-0616-429b-97e0-20d9e3e2ff6f,3000000,0.2474,0.165,2025-02-01,medium
59de1c95-aacd-43b2-8e47-5ba996a97025,428f5d6a-f340-437c-94ce-e3c7acab98f7,7000000,0.2994,0.165,2024-12-01,high
4b5aed64-cbc5-4c5d-8b6c-0ca763124797,9e2bd8b7-eeb8-42c1-8522-7da1f2bd5dd8,3000000,0.1696,0.165,2025-08-01,high
db9ec436-dbf5-433f-a436-665e235a575a,29a0837a-8e0e-43dd-9869-9d138ecfd8c5,4000000,0.1571,0.165,2025-05-01,high
a45a9c85-814b-458f-a1c5-b76b927e989f,f445da96-fbb4-4100-9ddd-737465e9a014,6000000,0.1906,0.165,2024-12-01,low
fe8ed2ff-ce2f-42eb-97eb-945ce9aae713,2db5eec7-3f56-4ac6-89f5-dc3d055c1650,7000000,0.2713,0.165,2024-11-01,medium
f6c40b37-c448-4d95-83b8-f8a98597c4dd,90803b70-2df2-4fee-9647-166d0f59bf3c,3000000,0.2457,0.165,2025-09-01,high
f37a4e3d-5ab5-4466-ba37-4f2c65b016d5,4f952831-c41b-4157-9b64-dfba8b8a3cb3,4000000,0.1943,0.165,2025-04-01,low
2b17fb5c-e62e-4d4b-accc-7cf4b95bec29,a25d64fc-79ab-4417-8942-260393bd642f,7000000,0.1489,0.165,2025-06-01,medium
5ef75e0f-b160-4378-a564-7aa758dc604e,1c7017e1-6197-49b4-9234-4fc380ae5726,4000000,0.2454,0.165,2025-07-01,low
45a64f78-40c2-40c5-a664-db48ef681e01,54447bd6-abbf-4b02-9b6f-4b69bf5dab8e,4000000,0.2709,0.165,2025-09-01,low
96648e6d-8143-4c96-83ba-c073ae2ad641,6fc9f088-8d83-49e1-9852-a5f4fcdb0369,6000000,0.18,0.165,2025-03-01,high
42f34c7f-07eb-4361-b94c-3e07beb5ecbe,cbd4da9c-094e-4c97-8de7-11f353648adf,3000000,0.2337,0.165,2025-01-01,low
f3274703-d933-4158-9aaf-c68a23de4fc5,44e77225-46e7-46ad-8126-f876cc75839a,7000000,0.18,0.165,2025-03-01,high
3a7340f6-4db2-4d2c-b0d1-7087d60cc2e6,7fd68917-d8fb-412e-acd6-2747a461c50b,7000000,0.1957,0.165,2025-05-01,low
cbf1d886-f9ad-43dc-af0c-4b1a0531e7c2,5d713484-3c27-497c-b819-8a8912de05b6,7000000,0.205,0.165,2024-12-01,low
69bec078-3824-4d98-962f-cd86c9d1e960,f428e2ed-3516-412a-9fbe-26c19a80f7d5,4000000,0.2551,0.165,2025-02-01,low
14a8dbb7-3c54-4052-9e8b-a13e67b061d8,e7a4cd06-0f89-4e40-a066-d83164f388c1,3000000,0.2955,0.165,2024-11-01,low
9647b351-8898-43ad-990a-a2d890d73bf8,78584357-a9c8-4c6c-a86b-d5eff1954180,5000000,0.1889,0.165,2025-05-01,medium
46eeae7d-db35-4aa8-bc83-4e0e96db4b62,9abfa5df-c617-461c-a1c1-eb56ea39b5d9,4000000,0.1685,0.165,2025-07-01,low
3aa8627c-3e17-476d-9f73-58abb02c7e6b,2acae81c-91fd-4f3e-9fef-06120ba01847,7000000,0.1747,0.165,2025-04-01,medium
d528a17b-8d26-46bc-91a6-c62b3a89d8d8,7c6c0e9e-6b5a-440f-98c4-43341fb60294,6000000,0.1268,0.165,2025-03-01,high
cf6d9d10-989d-4a66-87f2-82b6060ef866,a64883be-a931-4e19-b42a-c092415edb0f,7000000,0.1594,0.165,2025-04-01,medium
a3e28565-6988-4267-8c3b-d68485294b94,1841adaf-c672-4db9-ba42-28b017486e36,6000000,0.1173,0.165,2024-12-01,low
bc74d30b-db89-4c5a-a69d-8c965d3f7e9b,f26cc30e-3e34-4ca3-b2e5-68af10edcdfe,6000000,0.1856,0.165,2025-09-01,medium
700df212-608c-44f7-ac9e-ed8d49ca4df8,5237449f-e8be-41a8-a46e-9d7dce124c36,3000000,0.1335,0.165,2025-03-01,high
8e429586-a3e0-4803-a60c-837667c4a152,c82a57c0-32dc-4964-a420-1b77ba47cd5f,3000000,0.1693,0.165,2025-04-01,medium
9e44fe8c-f13d-4ae9-8a82-2beb4d6d0f70,06d03a81-2bdc-4465-87be-d5f4665ee02e,3000000,0.2587,0.165,2025-07-01,low
d27ae65c-0bf1-445c-9712-6347ac96fd5e,496f7648-dffa-43a8-87a9-4f9de5978796,5000000,0.1492,0.165,2025-02-01,medium
51b876e0-d594-46fd-8b7c-66ccc548415a,82563663-9892-47ef-9294-6e7efecd4272,4000000,0.2224,0.165,2024-12-01,medium
019d6958-97bb-4672-b7a1-db12decb73d7,6752d124-55e0-4afc-a630-3e670e1e0709,7000000,0.2802,0.165,2025-03-01,low
f11acbe3-c86f-4ffb-9717-869a0d1d1d26,d90cb28e-d665-4583-8657-a8365d95d06c,3000000,0.2134,0.165,2025-08-01,low
9e008d4a-e7b3-4560-847e-0867bc60cf4b,5e5b17cf-f374-4063-8b82-1379a28a36d7,7000000,0.1388,0.165,2025-09-01,high
bd3aeadf-3349-4ba5-96ee-73488082e0a2,358af8a9-22f4-4fdd-b28f-29c94d092805,6000000,0.169,0.165,2025-04-01,low
ed2946e6-a70c-4cad-9cdc-9393d4c86d65,4df6a7b5-cc17-4389-b209-acf869d048ec,3000000,0.2181,0.165,2025-01-01,low
d6854714-14e7-4e53-b5ed-f3b0b84564d2,26e110fd-5090-4677-814f-8c6016e5f369,3000000,0.2013,0.165,2025-06-01,low
071d014e-7b66-49cc-8db0-8b452ec8387b,905c8885-de35-4823-93df-3007434bd7d9,4000000,0.1297,0.165,2025-06-01,medium
0ad240de-3be1-4184-a9e7-847ae8e2b04a,1d177d64-6b09-4f68-b4f3-37029f254676,4000000,0.1894,0.165,2024-11-01,medium
7ac5db60-34ad-41ff-a447-eb56511617c4,13144125-08bd-4844-8335-3399f0c1a683,4000000,0.2086,0.165,2025-09-01,low
d87a2907-688f-4b7e-af5d-f0e4b0ee8013,b3836a67-3f07-467f-ba58-bb645fd2b09d,5000000,0.1535,0.165,2025-09-01,medium
0641a20a-34e6-447e-b994-98a8285cb8e4,0e7330db-c4f7-423d-a6c5-847f33fd012f,3000000,0.2225,0.165,2025-08-01,medium
ab3246a0-61c8-48f4-be11-2b5c8a86c216,f87aae2d-5bbc-438e-9ba7-6057f6cdc6a7,3000000,0.114,0.165,2024-10-01,low
3a0428ec-56a0-4034-87a4-e9d121eca968,f6b2f659-fcbd-4a78-abdf-0d4ec23cceae,6000000,0.1673,0.165,2025-04-01,high
0c6fd26c-b2ec-49c0-a2ce-63125ceec288,bbad3c9d-f6b5-4b50-81a6-fe273ccefd8d,7000000,0.2609,0.165,2025-08-01,low
9e3d997a-843d-4035-9783-679e66aa42a1,5660d8c5-cc07-4180-8a6c-d588bd9c1e97,4000000,0.1519,0.165,2025-06-01,low
6d7a9fb5-ff6d-4382-a60e-6b0e455e0870,f97ad000-1ed6-4f9e-aa52-1f04cfe911a0,7000000,0.221,0.165,2024-10-01,high
c4fbff12-f2e9-4e3e-8fef-a13ced8f0f19,6059d67b-1485-4e25-956b-1b1886d89827,4000000,0.182,0.165,2025-01-01,high
00bcb114-e045-404d-a5b4-d23fcc068de6,783d27b9-fc1e-4929-8158-2034af834749,4000000,0.1633,0.165,2025-07-01,low
e3929d16-3079-43e5-ad16-9a87ac0e6388,64e1f321-a159-47cf-ae19-5199e320d285,3000000,0.2832,0.165,2025-07-01,high
3238c7ea-dc43-4838-9696-4b298d954bfb,ee2c3b4e-3f9e-477d-8f29-1ba6df905217,5000000,0.1687,0.165,2025-09-01,medium
de35bc91-887a-4f1e-926c-168281a3cab8,9a936910-5875-4034-9564-ea1f74411d9d,5000000,0.1473,0.165,2024-12-01,low
d9a123e6-3472-42da-a439-71c4e8db2978,8177989b-4136-409b-b68d-744b309944e8,6000000,0.2819,0.165,2025-08-01,high
e6ff42f2-2811-4066-93c2-15ef39ac6b25,ffcbef43-b925-486e-be71-68f7e78d1586,3000000,0.2492,0.165,2025-06-01,high
d90861e1-093f-4f90-ab15-ac4525210911,61a14c0f-cf2c-4717-b51b-38f905f9e6cb,3000000,0.2364,0.165,2025-05-01,low
dbc763c1-d705-4b78-aa3b-d4a196b78000,e318398a-152a-42d9-96ad-288bba43989a,5000000,0.1099,0.165,2025-02-01,medium
1c0cd857-2ef2-4a95-87ad-878f79a88fbc,f519635e-5b91-463a-9fdb-7e92b9500518,3000000,0.1262,0.165,2025-02-01,medium
a71963af-92dc-4605-960c-4d504c94bdeb,5bbcee3c-6341-4f97-951e-f584e39a1505,3000000,0.2277,0.165,2024-12-01,low
191f25ef-dfff-4e55-9cf3-58adda9868fb,b94d6900-137d-4f6b-90ce-81bd182a45e8,6000000,0.1419,0.165,2025-06-01,high
7b6b1927-8791-4951-9a4c-77325fb09b0d,e56ac845-091e-45e3-8fab-5fc081f32d50,7000000,0.1451,0.165,2025-05-01,medium
d209796f-8b73-48f4-834c-9e394007af2e,5fcbcd76-6ce6-47d5-99b9-349fcc3c0aa1,5000000,0.2558,0.165,2025-05-01,medium
23d9398c-688b-4332-a906-4bcc7ae1120a,af7a8822-50a7-4e8c-966b-3bcc0981d6eb,3000000,0.1572,0.165,2025-09-01,medium
8aabe784-0d39-479c-9833-32056b85d53c,c3c8d17a-b699-4ed1-af39-b1b764f5a5c6,7000000,0.1143,0.165,2025-01-01,medium
667aa284-d742-4aae-89ca-55e656757ff8,6f97f4d5-854f-4b61-a60f-6a6b6b331188,5000000,0.1073,0.165,2025-03-01,low
29dc4efd-69bd-46e2-826b-bf01d379a6f2,bb053959-42b9-4821-b43d-426c8979614e,6000000,0.1886,0.165,2025-04-01,high
5008f390-d124-44d3-8f09-834dc002318f,6d0fbaac-8218-4571-840a-0235d9e40438,3000000,0.2234,0.165,2024-10-01,medium
2891eb26-92c3-4f59-93b5-19380a65520c,d09fe966-ea68-4325-9138-fad0bb1da373,5000000,0.2738,0.165,2025-07-01,medium
c7581848-7dc8-44e1-a6e3-8189ba4784ef,e552df21-725f-4873-8e41-65b754fdb29d,3000000,0.1222,0.165,2024-10-01,medium
446e7135-7c0d-40f3-9a06-9e0bc7d4eef1,75b593ea-2ade-4514-b23b-543bab228cb2,6000000,0.1393,0.165,2025-01-01,low
a8167093-b5ac-4ba2-883d-c2fad7ac9bcf,9aea13e1-a1b2-4c3a-b9cc-6b4b0f355321,4000000,0.206,0.165,2025-07-01,low
36042b07-b1ff-406a-9111-2917c0079e68,500257a5-f184-4e6c-8395-754e47d78ec5,7000000,0.1728,0.165,2025-01-01,medium
1bc08d29-7614-4792-aca3-a5cfca8c3fd6,8bbd610d-ce45-4777-9efc-1fd2284d7195,3000000,0.1965,0.165,2024-12-01,low
0ef5ecc7-210d-435f-bfdf-70b61e25ca2a,93783ce6-190d-442a-862c-c57830694976,6000000,0.2848,0.165,2025-05-01,medium
77e3f283-b6f3-4b5d-88be-dc63da122a28,4109c918-18dd-4e68-a772-b5ef98c1e001,3000000,0.209,0.165,2025-05-01,high
50a9eb1d-375c-42b6-99cf-62c710678d8c,5c403c90-b572-4331-95c5-193542975024,6000000,0.183,0.165,2024-11-01,low
874e9268-7b23-4c2b-87ac-d958897d9263,138a5e58-d995-4a27-8acd-1d1aa137a4a9,5000000,0.2979,0.165,2025-08-01,low
17dcfe1b-8fb2-437c-a05f-61c3e2d07697,4eb7ad29-cbe3-44b6-8f2c-aaa5ea956cea,7000000,0.113,0.165,2025-09-01,medium
950b921d-31b8-417b-b1f2-a10052a8885e,5339c5b4-3fb0-4be7-b7bd-8c5e6916def3,6000000,0.2864,0.165,2025-02-01,low
88e87c71-2d34-492f-b691-64b7c9e1a41a,48ca4600-bd54-4097-8c61-6f4ba0617e90,4000000,0.2003,0.165,2024-11-01,high
b1f12c56-4cf1-4e57-a99d-925c21448b8e,cae4df29-a79c-459c-afee-25a43a6d8021,3000000,0.2008,0.165,2025-03-01,medium
32b7ab66-2c60-456b-9e6e-e31636e63d4c,a2e4a9a8-9c23-4117-8754-df917cc8d71e,5000000,0.2844,0.165,2025-08-01,low
56c58648-752c-44a6-8e6b-fd8d1e8619f7,c8f0df83-9888-42b5-930a-911555e4dc85,5000000,0.2015,0.165,2025-03-01,low
5aa8724d-eb5b-4054-9233-eae5fdcc4312,e53f8b0e-36a0-4dd7-9a2d-8a7f65d09e2c,3000000,0.1877,0.165,2025-06-01,high
03925911-e96e-4e35-8487-8acb97cdce6f,28c96742-711f-481f-b372-2445427fef50,5000000,0.1545,0.165,2024-12-01,low
70def817-4908-4152-8705-3f4c66ad6cb1,8cf44286-3acb-4098-94d5-884191023248,4000000,0.2318,0.165,2025-02-01,medium
c240dadc-4004-4e05-aa76-f2fb000925f1,cfaf4334-dd63-463c-b444-099afaada58b,4000000,0.2139,0.165,2025-05-01,low
220b8346-1186-4643-9f0b-e4d1208448b0,284e5283-142c-439f-8b05-95101f901b0a,3000000,0.1429,0.165,2025-02-01,low
80447a63-b90c-4e74-bef8-f9ae12484b2a,4602abf7-48f8-4259-a0d1-2e155d312a69,4000000,0.2419,0.165,2025-01-01,high
9b959e5f-db2d-4d89-90f2-ab85e520e96e,679aaecf-1159-4394-92e3-876bf43a86b9,4000000,0.2288,0.165,2025-01-01,low
e35f3617-8986-4b06-a678-fb44c640f604,a090823d-9306-438d-bef4-16eb5b5ccc6b,3000000,0.1795,0.165,2025-05-01,low
dfa01a7f-84c9-4517-ac04-1a17e3fe35f6,bba11be9-4e7e-4719-b6f8-febc31423d88,5000000,0.1009,0.165,2025-03-01,medium
0df5a2c9-e902-432e-82f2-ade2276898de,3817c1e9-9576-4e3e-a08f-368fdc45a223,4000000,0.1893,0.165,2025-09-01,high
35eb9881-f996-498c-9f33-37f29b9c4d88,37997091-af8b-4908-a112-b0bc9779df09,3000000,0.1012,0.165,2025-05-01,low
a9513271-708a-4264-bd0f-87ae831808f2,0f4fda9b-9712-4337-935b-a2424452c44e,5000000,0.115,0.165,2025-05-01,low
f5aba4a4-5af0-416e-963d-06e81053f18c,a5b83fec-b509-42b6-8027-76c710a76e5a,3000000,0.1861,0.165,2025-03-01,high
bdcb7437-f3e0-4d63-8087-14a0de272d79,2f8563f1-b6e3-423a-ae71-599469bc8595,7000000,0.1164,0.165,2024-10-01,medium
1154c53b-c781-4440-8562-9bb9880b68a1,1a8b2c53-c95d-4d8f-b60b-352bd3e01395,5000000,0.1551,0.165,2024-10-01,high
f83fe174-849a-4dee-bf37-225248218009,98329a14-8dd5-4a39-a59f-f44d4186db41,7000000,0.2311,0.165,2025-04-01,high
d61cd586-5d3e-4bf7-ac0c-c31120e050a9,305ff1b5-deb4-4cbb-850e-a96b5a281c7c,7000000,0.1617,0.165,2025-02-01,medium
2c9fd594-6eae-41b0-b94e-90dc63ec2ca8,ef1e7a78-11f3-43f4-9d1b-738d9f64b241,7000000,0.2995,0.165,2025-08-01,medium
d38b2f9b-681c-47b5-a595-76f7057e05d2,3affe605-5de5-433a-8601-e3ffe552fb52,5000000,0.2833,0.165,2025-04-01,low
79dcfa28-c4c6-4585-bf6c-41c41dd61cde,ff37a4d7-94f1-4b1d-b5ad-27635bfcce48,5000000,0.2171,0.165,2025-01-01,high
6bd19b18-17b5-4972-bfeb-d196ec221ca3,66bdd49d-98fd-4834-a47e-7349bd6bd803,6000000,0.2934,0.165,2025-01-01,high
8159d4ab-5c9e-4ffe-9a46-b653c1a19386,ed360f82-48bc-4611-90f2-8c96a049e4f1,3000000,0.2736,0.165,2024-10-01,high
c2169778-b09f-49d9-8ad3-2ad9c000dd15,c0e3558b-b5a5-4a87-b89a-85428810eb2c,7000000,0.1638,0.165,2025-04-01,medium
7d5acc2e-843b-45c1-a729-5a9197d878bf,59ea5aa3-d6e9-42d6-a9df-0cd31b22f114,4000000,0.2499,0.165,2024-11-01,low
d71fd2e5-84b8-4a52-b01d-a5db47fa6a83,dd88548c-e9a8-4386-b880-02bbc158d79a,3000000,0.1274,0.165,2024-10-01,medium
18ff9edd-b96b-4b55-968e-c43fc2e4482a,47c05a3c-0788-41a5-8183-62447c3ef650,4000000,0.2369,0.165,2025-03-01,medium
d1bdebf6-812b-4d92-9684-23c8a0dc8928,44eceea8-da77-49a1-8445-7f39a29ed6f1,4000000,0.1982,0.165,2025-08-01,medium
dd6356ac-c8a9-4d93-ad69-9f276335fcd4,de6f14dc-6291-4d9d-8b04-e80bb83a2c74,3000000,0.1034,0.165,2025-05-01,high
7e559b91-6bbb-4075-8a44-df46e58e3742,26fd192e-29af-47ca-b952-18895779752f,6000000,0.1548,0.165,2024-12-01,medium
c405fa97-fe17-4da0-95cf-bfb7edc227f9,d00a69c6-29e4-4093-b6e2-906c69260ff5,3000000,0.2911,0.165,2025-03-01,low
e1acbf18-93ba-428e-abd7-0a4088e5a472,c2c4788b-e1b2-486d-b188-0ff1b60d0817,7000000,0.1632,0.165,2024-10-01,medium
a9194548-5c2a-4312-8c0b-f65a0b455047,0b00ce40-9547-4de9-b925-91802f1a60db,5000000,0.1363,0.165,2024-12-01,medium
c2ed7ce9-ecd7-458b-8f4f-86223b1b1d63,fa676ad5-0c11-4bf4-b325-a0e0459c4a7e,6000000,0.1375,0.165,2025-09-01,high
f4bd9362-9450-4286-9c11-e428f9a0076a,e044a336-4edd-426e-8543-592e781ca343,4000000,0.1958,0.165,2024-11-01,medium
0fddabb4-9cbc-4b0e-b125-2e5357c9562b,bb7dd01c-e5dd-4604-9253-337c153f7426,3000000,0.2685,0.165,2025-05-01,medium
1b086871-d9ee-4d70-8559-9d478340affe,f48d598f-0d92-41d3-a566-61370bda6045,3000000,0.2516,0.165,2024-12-01,medium
