customer_id,age_group,gender,employment_type,join_date,mydata_consent
e5bb73a2-2574-4852-9c85-8af26a6bf8e0,40대,F,프리랜서,2025-01-16,False
21f38bef-e99a-4cce-bc83-14a3e9b7d0a4,30대,M,정규직,2025-01-30,True
a325b6ae-ba09-45b3-a29d-d45e87be504b,50대 이상,F,자영업,2025-12-22,True
492a28b1-8d32-43ef-bb84-5636617575a1,40대,F,프리랜서,2024-08-12,True
3d5a6e6c-4fc7-46a5-a2c9-0ffcf3bac87c,20대,M,정규직,2024-11-08,True
85a27adf-60c5-4b3b-8928-0614891367b1,50대 이상,M,정규직,2024-09-15,True
5d67fa73-35e2-4cf9-afd9-2ee8840baa02,40대,F,무직,2025-05-21,True
7fb528ad-bce8-4d7d-8d2f-6ec218a39817,40대,M,정규직,2024-05-17,False
5f696ac9-d89e-4bbb-a754-70a0db748ab1,20대,F,정규직,2025-07-28,True
5578b5cd-c376-41b8-96a9-ac5cb0b37f54,30대,미상,정규직,2024-07-31,True
19d984cf-737a-4b93-a515-c579bacdaa68,30대,M,정규직,2026-01-06,True
30d7264f-5bd9-402d-8578-154a01b82263,50대 이상,M,자영업,2025-11-29,False
279d7b0c-95d9-4a4d-98d1-83aeff08d4c7,40대,미상,자영업,2025-03-31,True
d8e00eb6-2365-4412-b903-de8feb35f048,40대,F,정규직,2025-03-06,True
eabe52e0-8f16-4502-9b03-3a8c3e96301e,30대,M,프리랜서,2024-09-21,True
cc6914c9-c75e-4786-82ba-01a3cc5f051e,20대,F,정규직,2025-10-17,True
475c2bce-6a31-432e-8cd5-2340fcb4b10b,30대,F,정규직,2024-06-03,True
94364a44-951b-45da-88d2-4db35bfa0b1f,20대,F,비정규직,2025-09-19,True
885072c8-624f-4b93-aa4c-0e1fab139111,40대,F,무직,2025-03-25,True
e910fd31-857f-4c03-ac99-ac1a7dc7eca3,40대,M,정규직,2024-04-13,False
2753a7d9-e07b-4461-a4fa-b9a2520d9664,40대,M,정규직,2025-03-20,True
b52fcafb-a224-4d96-a50e-a46ce7748b60,30대,F,비정규직,2024-11-16,True
a92ab10a-46b2-4e52-b4cb-648227ab5e36,50대 이상,M,프리랜서,2024-05-03,True
bf3c46d6-00f1-4bc6-a180-c1acc2b18b69,50대 이상,F,정규직,2024-03-07,False
a394e7a8-f172-468b-8c29-54d9bde90cac,40대,F,정규직,2025-04-24,False
38c57311-49be-4a18-a2e8-399b6d3baa2f,20대,M,자영업,2025-07-05,False
1983ac1c-5921-4bfd-865b-59df4d699a7e,30대,F,정규직,2026-01-12,True
770b91e3-343f-4763-b2b3-f02ab99fd5d2,20대,M,정규직,2025-03-22,True
56d419bc-c26e-4662-a5ee-72009b8c0693,20대,F,정규직,2024-04-25,False
a3aa6562-bfde-40ed-9c7f-632c7e54ec12,40대,M,정규직,2025-05-05,False
23291c9f-6394-4cbe-96e2-4788f3dff6dd,40대,F,비정규직,2025-09-02,True
26709150-379b-46fc-a9fd-e3f049f893f5,50대 이상,F,프리랜서,2026-03-31,True
b4e93cd4-b98c-4e68-90bc-5d9777c7c67b,30대,M,자영업,2025-07-28,True
1b6a5069-b8c2-43e5-900b-d66bd3d22825,30대,F,자영업,2025-12-09,False
bcd886cc-398e-403a-a579-6cf6dd435fec,30대,F,무직,2024-03-05,True
36ec0c01-d30d-4ee6-a25f-d50ed966d2d7,20대,F,정규직,2025-03-30,True
2ef28d50-ffb2-4931-8db2-4fa78366dae0,20대,F,정규직,2026-03-05,True
e0c2e133-f172-4f68-a2bc-989f1f692e91,30대,미상,무직,2026-05-05,True
eb9ed9ff-6958-4bff-bfc9-743f8637a671,20대,M,정규직,2024-06-22,True
b4beaf9a-ec09-483c-9026-b394aea8f241,40대,F,자영업,2024-04-13,True
0aad76de-33f2-4a0d-be8a-1a8c2b059b57,30대,M,자영업,2024-09-07,False
d865405a-e60c-49ac-9610-eb8fa87770d4,40대,F,정규직,2026-03-17,True
f4799858-89fa-428a-8f50-714405eb15df,40대,F,비정규직,2026-04-08,True
b4bdd168-f52b-4aff-be69-417695cd6454,20대,M,정규직,2026-01-11,True
29d990a3-53f7-4f38-95a0-c169252ef5b8,40대,M,정규직,2024-09-17,True
270a9dd4-da9f-44a4-8cfd-1ab236093b2d,40대,F,비정규직,2024-09-05,True
bc6f5203-fb64-4729-a8e0-b553b295938b,30대,M,정규직,2024-07-04,True
9e17938c-dc4e-4968-a67d-a465270b1f08,20대,F,자영업,2026-04-09,True
9ae1ae13-c9ad-4d4f-a641-dfa8a6e0d047,40대,M,프리랜서,2026-02-19,False
18676baa-44a0-45aa-b8bd-93e8b31b073d,20대,미상,프리랜서,2024-05-10,True
98cc29aa-0c61-43e7-93b6-c2d0edcdf080,20대,M,정규직,2024-04-15,True
2536c4a1-0fe6-433b-a261-6d8518fa3a57,20대,M,정규직,2024-10-09,True
d5270246-bf67-4edf-9fc9-4d6ea2b39dbe,40대,F,정규직,2026-04-01,False
17a756d7-1a69-40d3-b861-6b1ea1e41071,40대,F,정규직,2026-05-04,True
eff51480-cce8-4aec-80c4-d36a4b006dc4,40대,M,무직,2026-05-15,False
83e81ae1-96b9-4519-a6bb-a64ff5b9acbb,40대,M,정규직,2024-11-08,False
46f4c6a2-d1e7-4ff6-bee9-00653e809b62,30대,F,정규직,2024-06-27,True
00ca33c1-388c-4b7e-a3f8-802e8c136547,30대,F,프리랜서,2024-12-30,True
61eade22-7348-4851-b15a-bf0c50d875cb,20대,M,정규직,2025-11-16,False
7337ec7a-ecb6-4fb5-845d-755e5de49ace,20대,F,정규직,2024-09-12,True
9e96877b-75a1-4e86-9d1f-2879dd3c2544,40대,F,정규직,2026-05-12,True
eb8c9532-81d0-4893-b772-3ae1c96c6b63,30대,F,자영업,2024-07-12,True
9482d9d9-9a6d-4d09-8d62-834b40adf486,30대,F,자영업,2024-05-18,True
e8658d64-e14f-46c7-a149-6121734152a3,40대,F,정규직,2024-10-16,True
fad0e9f4-6043-4494-905c-bfdf66658948,40대,M,프리랜서,2024-05-29,True
2886cf86-4e06-4b4e-942f-2b223cf045a8,30대,F,프리랜서,2025-02-08,True
175b993b-ae4f-4978-86ef-ff8ce86f0b64,30대,F,프리랜서,2025-05-21,True
baeaf75f-6cc4-4fcf-8eb8-936289fa6205,20대,F,정규직,2025-09-25,True
d72fe996-ff2a-4a86-9cd1-874710accb24,20대,M,정규직,2024-04-22,False
8490becc-2443-4aa4-a0bd-afe4c23f57d6,30대,M,프리랜서,2024-11-03,True
a95be12f-5a4f-4ca7-a1b9-349e45ed1472,20대,F,정규직,2026-01-18,True
80f360ff-3992-4313-be2b-b0b4e42393f4,30대,M,자영업,2024-03-22,True
a39a39b3-db25-4fc3-8429-c0183b47fea6,50대 이상,미상,자영업,2026-05-12,True
d0870dd3-b352-4af0-b669-19624f3a62e3,20대,M,정규직,2025-02-06,True
0a29dbf1-a26a-4e87-a7d9-dbcccb7b622e,20대,F,자영업,2026-01-18,True
2345a557-7898-499a-b743-4fcea4c2f06c,20대,F,무직,2024-12-02,True
5fd7fea6-34dd-4f99-9050-8c990b29a5ec,20대,M,자영업,2025-07-08,True
c461ba42-6158-4d6c-9cc9-a022bf4040e7,40대,M,정규직,2025-06-17,True
46ab64e0-95c3-4f96-aec7-c2e96bce4d49,30대,F,프리랜서,2024-11-25,True
38152102-3c0a-433e-81d0-3dabab5c92ac,40대,F,비정규직,2024-09-13,True
098c06ed-b6cb-42b6-8cc8-c3d742181057,40대,M,자영업,2025-08-06,True
8c620c88-4c5b-4d8c-a914-6b517a359a94,30대,F,프리랜서,2024-02-16,True
70d01dfa-8954-48b0-9e12-856dd979fadf,40대,F,자영업,2025-04-25,True
96f6515e-4eba-44bd-b103-4502ec4eb5e3,20대,M,정규직,2026-02-13,True
182afdf6-9f73-4a01-bf37-6ae4754d18ce,20대,M,정규직,2026-06-27,True
74d7cf90-a013-4999-88ea-eb1d71fbf71d,20대,M,정규직,2026-01-07,True
8b7e642d-1594-4ec3-9593-7331c4347eb8,40대,M,비정규직,2024-11-08,True
479c171b-5c62-4b36-9307-7bfe1a2774cd,30대,M,비정규직,2025-03-20,False
d1874905-a2cb-4b20-b4e2-bf33dbe18b42,20대,M,비정규직,2025-09-12,True
fe51c0c5-d545-4cf5-8122-446e540ffe7e,30대,F,정규직,2025-05-10,True
e01e36be-c1f6-4a32-aa82-3173af38c69d,20대,M,자영업,2024-07-03,True
966efc5e-5045-4b27-869d-e3215bb368e2,40대,미상,프리랜서,2025-02-20,False
97abd53c-932a-4627-ac31-ace55aba8f0a,30대,M,정규직,2026-05-13,True
0f071470-81ff-45a0-a332-a4841aeb4f0f,30대,M,자영업,2026-05-21,True
ab93bf99-8044-4820-ab4f-3a8717dfbef1,20대,F,자영업,2025-05-09,False
7f778fb0-adb6-4f3d-a39d-2d58626dada3,40대,F,비정규직,2025-07-16,True
af01979e-5c50-4aee-b4cf-43785daa9593,30대,M,정규직,2024-06-23,False
c35b5869-6a38-4888-ac47-a9107e0e42c3,20대,M,자영업,2025-02-10,True
e3a34933-d0c6-4ab4-a8f9-811fb19f9afa,20대,M,무직,2024-09-12,True
65d8a58d-11ff-4966-af30-faa5f4a7c1e5,50대 이상,F,자영업,2025-02-08,True
c4ab74f6-9296-4356-9e2f-3bef3e17aa43,50대 이상,M,프리랜서,2025-09-05,True
52ebe34b-0054-422a-87c1-e01bcc67f644,40대,M,무직,2024-12-08,False
349adc9d-468d-40d4-86ed-5083ca3d241d,20대,M,정규직,2025-01-08,True
d693c89c-eef4-47a5-aae9-39afffcd880c,50대 이상,F,자영업,2024-10-14,False
7fcfd5fa-2a01-4518-ad1c-4897010b55ac,40대,미상,비정규직,2026-01-19,True
914f7429-bcb3-4cab-8bbd-fcd26175f9ad,40대,F,무직,2024-12-21,True
b7754af8-2980-4946-963d-d3c722f74a6b,30대,F,정규직,2025-10-27,False
82ba49b9-1830-4bb5-94d1-6bebb3b4739b,20대,M,정규직,2024-08-14,True
d7da44cd-edc3-4e34-a2d2-5a43ee6750cb,20대,M,프리랜서,2024-08-07,False
d1dffcf3-06b0-4d5c-b379-bbe9922c20e5,50대 이상,M,정규직,2025-01-05,True
055214eb-6c57-4b0e-bbc2-1ad615dec5a5,30대,F,자영업,2024-03-31,False
ad8cfba4-4de8-4975-93d1-0b7939e6e284,20대,F,정규직,2025-03-22,True
e514b9dc-08e4-4d2d-97f6-4c9ad0657489,20대,F,무직,2026-06-11,True
3336c1f4-56c8-4ce8-9a8b-fa88a195115d,30대,미상,프리랜서,2025-01-21,True
d65db076-5a18-4536-afad-057de26b8b25,20대,미상,정규직,2024-08-25,True
f56088ae-4f47-4787-88b4-82dbbc219576,50대 이상,미상,자영업,2026-04-05,True
ec0a5e84-ede7-4970-80a5-ea5716a479c5,40대,M,정규직,2026-04-02,True
82dc3688-572e-41a8-9d3f-5fea46d2927d,40대,M,자영업,2025-11-07,False
aa734f8d-67c4-4d7d-84f6-21320e612eed,30대,M,자영업,2024-06-28,True
b3ca5c05-d7ec-4205-9397-3713203738e3,40대,F,프리랜서,2025-03-31,False
9f59162f-ec6a-458e-aa5e-dfc2d4961cff,30대,M,정규직,2024-03-05,False
0c6ac81e-cf84-4601-b3a0-9fb7106fc750,40대,F,정규직,2024-06-03,True
8ca21e76-ef65-4033-8b6d-78abbadab365,20대,F,자영업,2025-03-07,True
c2a24ca6-523c-4ad5-a81b-9cac37f109ab,30대,F,비정규직,2024-11-19,True
6194c47c-ee29-44f6-aa0d-831057781f9d,20대,M,비정규직,2025-09-18,True
5eb47bb0-420e-4e3c-8448-f62965aa9a5a,30대,M,정규직,2026-04-15,True
b59f13c6-a6de-4344-b570-331d3a1bfe84,30대,M,정규직,2025-07-21,True
550dff5d-7978-4407-9408-68a57f97c4b7,20대,F,프리랜서,2025-02-02,True
906003e6-495e-45c2-8211-67fbb8bc8199,20대,F,정규직,2026-01-25,True
ec7b4fc8-4a5b-417b-af70-bb7da531ba89,30대,F,정규직,2025-12-22,True
87b04b4c-ffbf-41fe-8f91-ba7c87e02d96,20대,M,무직,2026-06-19,True
5ce64901-a273-43a6-bc4c-6fc2113c8d40,50대 이상,M,정규직,2024-10-02,True
3bea5565-5c4c-44a8-a598-39b30864eda5,30대,M,자영업,2024-05-11,True
556263a2-94a9-46e4-835c-63849fd98609,30대,F,정규직,2024-07-13,False
f9c65d2f-68b1-4fc9-804b-a396ae65b983,30대,F,프리랜서,2025-08-06,True
c4341ff5-36df-4aac-99dc-3a2d645c4149,20대,M,자영업,2025-02-01,True
2b52c04f-41d0-49ee-b6f8-174e54a4cd8d,50대 이상,미상,프리랜서,2024-03-19,True
b8c03d69-c3db-41cb-a890-73aa927895f5,30대,M,정규직,2025-02-03,True
731828a7-783a-4a08-affd-750b2226533c,40대,F,비정규직,2025-10-18,True
fa779088-e4d0-43be-b768-3286c65118d2,20대,M,자영업,2025-09-11,True
a288966f-e532-437f-a11d-23ea0741648f,30대,M,정규직,2024-10-08,False
e40df91f-b7c0-4a0d-b181-3908ba0ea5c0,30대,F,정규직,2025-06-09,True
e628d594-ceea-44ae-87d8-42433c0d25b2,50대 이상,M,정규직,2024-07-04,False
22542886-0737-493e-98e5-581b654017a6,30대,M,무직,2024-06-11,True
2f29ddd1-f546-4586-8525-470ba8c8d27c,30대,M,자영업,2026-06-01,True
5eb66289-ecfe-4b99-9fdb-06b711b8f566,20대,M,자영업,2024-10-11,True
3ffd4cee-4208-4923-8ffd-d364c701025a,30대,F,자영업,2025-08-15,True
a0715f5f-25a7-4b98-943c-8da08ea19ec0,30대,F,비정규직,2025-04-06,False
d3749af0-a66a-4309-b239-f8c05d191fc0,30대,F,비정규직,2025-11-14,False
1bcf6eb0-3e1e-4237-8ec1-6dcfbbb93a80,20대,M,정규직,2025-08-16,False
ca107b2f-73f1-41f4-840e-d0dae68384b7,40대,F,자영업,2025-09-18,True
103c9505-3cec-48fc-b4b3-49be85d9c6c9,50대 이상,M,정규직,2026-05-20,False
37f98567-de22-4f99-bf72-80f396034e40,20대,M,프리랜서,2024-08-20,True
e5c0dbf4-995c-4bac-be0a-3aca0011cb74,30대,M,프리랜서,2026-02-28,False
d7ad9178-8a35-44f0-899c-55193c49da9e,20대,미상,정규직,2025-08-10,True
504fdabd-49fc-4f51-bd9e-1e1a1fee4a1a,40대,F,비정규직,2026-01-16,True
62612776-304f-401c-a3ea-7c91a6eeb0ff,20대,F,정규직,2026-02-13,True
8bb029ef-653a-4aa8-9dcb-b4f4d03a8041,40대,F,무직,2025-08-12,True
e18cd729-9453-4990-a998-906e8a8f67ad,40대,F,프리랜서,2024-04-24,True
b52e99f6-a579-4cc9-b813-1c5f5dc1b9d5,40대,F,무직,2024-04-02,False
c1763e07-5526-439b-86bc-29343ab53a27,20대,F,정규직,2025-08-04,False
ae25b768-5e53-49ed-8390-a44599d223b1,50대 이상,M,정규직,2025-04-19,False
4b04eb03-0ab0-4941-bf67-62b773c34485,20대,M,정규직,2024-02-26,True
04d2fec8-55cd-4b5b-8a9d-1c69d23c6767,20대,M,정규직,2025-12-10,True
1a55f294-1004-4700-9fe2-32cd13c304a5,30대,미상,정규직,2024-04-02,True
f5b946cc-6d20-4fec-a926-dfe054844e5c,30대,F,정규직,2026-04-01,True
e33bfdb3-1c60-4c36-9a20-63d728516e0e,40대,미상,무직,2025-12-18,True
44f213cd-f44f-47a8-857a-646b02e064c1,40대,M,정규직,2025-09-11,True
b6f0b008-6b9d-45a9-9b7b-7f132a917035,20대,F,정규직,2026-05-31,True
0a8953bb-2927-4f12-a54b-6f2e0689f313,50대 이상,M,프리랜서,2024-07-23,True
ad964cc5-351c-499c-81a0-2dd53cf7cc7c,20대,M,비정규직,2024-06-18,True
08c6af33-c457-4eb3-ac35-e24ab1f0212a,30대,M,자영업,2025-08-03,True
bc087af7-97a1-4a5f-bb86-53c8fbeffded,20대,M,자영업,2024-07-05,True
2fdb7ea7-3b45-45f1-b42b-9cf21cf81980,50대 이상,F,프리랜서,2024-08-29,False
694a1c5e-d23e-457d-9b7a-78006840ec65,20대,M,자영업,2024-08-04,True
4f48fd28-6e27-47a8-a3cb-e916eeae1836,20대,F,비정규직,2024-08-03,False
4d6aca4a-f61d-4b57-ba88-a2102250f8f5,30대,M,자영업,2025-02-19,True
67e09bd1-ba04-44d6-87da-6cfc15e23ee3,50대 이상,M,정규직,2026-03-28,False
d1ce9c39-6783-4606-93bc-851dbb3f0152,50대 이상,F,정규직,2024-04-20,False
0f0a334f-8beb-4ca7-9451-766565fd43f3,40대,M,비정규직,2025-01-19,False
f3fe6dde-2795-4953-8dbf-796a7dbb4f8a,50대 이상,미상,정규직,2024-05-09,True
5f70613f-eb16-4e28-80cb-ec4dcad95747,50대 이상,F,자영업,2024-03-20,True
dfc8a7c9-d5d2-4966-8a0f-7886ff114ff1,30대,F,정규직,2026-01-21,True
a33cf716-426a-4bd8-968d-5b02f0ab3067,20대,M,정규직,2025-07-18,True
1b161161-eb62-4de9-a217-bab12825e77f,40대,M,정규직,2026-01-16,True
48235ce4-2d36-425a-b846-a80a3a92365f,40대,F,프리랜서,2026-05-19,True
422be082-31a5-4255-9094-04569843e5b8,30대,M,정규직,2024-03-14,True
e913d964-50c8-4868-8da7-6ec67b41dab6,20대,M,자영업,2024-04-20,True
63009b24-ba66-4ba6-9e9e-5312ff38fb95,40대,M,프리랜서,2024-04-13,True
89d2caf0-61c6-4416-8abf-4900d1fcf6f8,20대,F,정규직,2024-05-25,True
d2d9f415-0691-46d0-b8b9-be981480e867,50대 이상,F,자영업,2024-12-15,False
c0ca03ad-9208-4adc-9adb-9a3e99ebe10f,20대,F,정규직,2025-04-04,False
02172378-9330-4ca8-a782-00801871ad17,20대,F,정규직,2024-02-21,True
4c40540c-1e1c-45b9-8216-c0276a69680b,40대,M,자영업,2025-03-09,True
39088e08-f9b9-4b4d-9596-44075c6695ca,20대,F,프리랜서,2024-12-21,True
4c9fcc56-9738-4008-a6a5-fa92cb679849,20대,M,정규직,2025-12-30,True
6310dabe-1cf3-448d-82aa-3844112e7eb8,30대,F,비정규직,2024-09-21,True
af8deaf1-6397-4f74-8455-92d013236786,50대 이상,M,정규직,2024-07-20,True
7a493da4-b24e-46b4-99cc-0e6727c76831,20대,미상,비정규직,2024-11-19,False
bd69d946-f5f9-45c1-9601-3fe55deb8821,20대,M,자영업,2025-04-25,True
c9618936-07db-4b01-b1f9-08a4f44dce15,40대,M,자영업,2026-01-11,False
be6465c7-03bd-45cc-8d58-ef9517d4e24e,50대 이상,M,자영업,2026-06-03,True
3719b44c-87f9-45a3-8e00-d1f08015beae,30대,M,정규직,2025-01-03,True
9c020a55-1f43-436a-9b1c-aace61cf937b,20대,M,자영업,2024-11-15,False
b6aabea7-b840-4955-bae3-a57af8554614,20대,F,자영업,2024-08-29,True
7839c4e6-d841-4dc9-8e78-9fbec7f2cb17,20대,M,자영업,2024-03-28,False
1bd48197-445f-44e8-8ab1-cf801af40cbd,20대,F,정규직,2025-04-26,True
2a985233-9aa9-4688-affb-6722191beb9a,40대,M,정규직,2024-07-11,True
b5b02ffd-e5f5-4929-8d0d-429eff8bb3d7,20대,F,정규직,2024-10-17,True
ede518cb-816c-46dc-ad7c-68e11aa6734a,30대,M,정규직,2025-11-03,False
67f712d9-bc0e-4821-9c03-14e33d249dde,40대,F,정규직,2024-06-27,True
c17b1081-9a61-44a8-aa1c-d121aa3c2526,30대,F,정규직,2026-05-17,False
dcc226dd-3206-4231-a5db-86e52c857c9a,20대,F,자영업,2025-01-27,False
1eba536a-afa9-456c-a399-dd44c9ed8ee8,40대,미상,정규직,2024-04-05,True
2d78f32d-b047-4edd-b721-dd2df4fa21f4,40대,M,프리랜서,2024-12-06,True
6aba42d4-db02-4e80-b8c2-f134e4440d62,40대,M,비정규직,2024-04-08,False
58028874-a155-44c9-80c9-f93952e765d8,20대,F,자영업,2026-05-15,False
12b89d45-33eb-4277-b7b7-f171d87e526e,20대,F,비정규직,2025-03-26,True
930c6c54-b1fd-4cb9-9eb9-00569b4bb0ec,50대 이상,M,비정규직,2024-08-22,True
5cf21524-809f-4d4a-95b7-a400a93425fe,30대,M,자영업,2024-12-21,True
233a5d66-490f-42ae-b3a0-321aee1517ff,20대,F,무직,2024-05-27,True
4891ada1-8e82-42df-b0c5-2e6d44c13341,30대,F,비정규직,2025-05-26,False
688362ab-8a8a-4f42-9615-247478a65918,40대,미상,비정규직,2024-11-16,True
0df25a7b-f9f2-47ac-9146-60ae664d0dde,50대 이상,F,자영업,2025-07-02,True
cd1a4957-0442-4f8a-81ae-a1c2570b8541,20대,F,자영업,2024-06-04,True
489808e9-f28f-46ed-b143-bc6891c959ac,50대 이상,M,정규직,2026-03-21,True
9301587b-8735-4d5d-ba6f-2944d8f5d8eb,20대,미상,비정규직,2025-11-23,True
b367b333-7df9-42a4-8dec-8220487d52b8,30대,M,비정규직,2026-04-09,False
53e90967-ade2-4db5-be90-78065a0b0959,40대,F,무직,2024-10-30,True
1a9190eb-b158-4e2d-8831-19400ccf870b,20대,M,비정규직,2025-12-12,True
d1e8db07-7c0c-4802-b2a6-ec57709e312d,20대,F,비정규직,2025-09-30,False
a3c15fce-3a01-4bab-95ac-8890a4331cf1,30대,F,무직,2024-07-05,True
07c3a13d-ee1c-4a09-8f21-c6a0e462dab4,50대 이상,F,비정규직,2025-08-23,True
28b09f09-ebc2-4598-a92a-c30655aca57c,30대,F,정규직,2026-02-26,True
79b4283b-d2d2-4b0e-91dd-3e43429280bd,50대 이상,M,정규직,2026-06-14,False
e8005730-7cf4-4913-a9a7-b937c89cb6c2,40대,F,정규직,2025-12-17,False
bf8d2da1-9522-45b9-b14c-4a883bb4f9e0,30대,M,정규직,2024-04-28,True
ef824e66-60fe-4f2a-b6ea-ddea54878847,40대,M,정규직,2025-03-12,True
9ef305b1-7290-4a8a-979e-23f3a1294945,20대,M,자영업,2024-02-18,True
6a3393fd-05d1-450e-9762-937c2e3c6222,20대,M,자영업,2025-12-27,True
4ad2398a-9fa0-48ec-86f0-6aecdde82a91,40대,M,정규직,2025-08-31,True
ea04cf8d-8f62-47bd-974a-8421a4fbdd81,40대,F,비정규직,2026-02-11,False
63adbe04-3e51-4a8b-8d6c-717ca0e4ba2e,20대,F,정규직,2025-07-21,False
c251d43d-e072-482b-85d0-ac0192d71f7f,30대,F,무직,2025-02-27,True
40406fac-1f7c-4536-9a01-60782cb61e37,30대,M,정규직,2024-07-29,False
7408140f-3581-418e-8af9-8ee7f6e5810c,50대 이상,M,자영업,2025-08-16,False
a1535d15-ecc0-4945-903c-e9aef70de71f,30대,M,정규직,2024-08-30,True
14f6e123-46f3-408d-bf96-e7fc83b796af,30대,F,자영업,2025-01-04,True
2af79094-5b58-4db0-9478-40027f1a9729,30대,F,정규직,2025-10-22,False
66cd1ded-5aae-4b8a-ba5e-9c4dc162e13d,30대,M,자영업,2024-04-30,True
b66c2ed1-f6f8-403d-a56a-cc01887c5572,40대,F,정규직,2025-06-20,False
01d82cf0-b6c7-48cd-9bed-1386533ffd3b,50대 이상,M,프리랜서,2026-02-21,True
fb696295-4adf-4d99-8313-cf5181ff06f9,30대,M,비정규직,2024-03-17,True
e7d49789-aa39-4854-8880-6a9f0a2fca7f,20대,M,자영업,2024-04-29,False
71f9e09b-66cb-4040-ac5a-d80839b001c5,20대,M,프리랜서,2026-05-20,True
816c53db-b1e7-4b35-bdb3-4159a42b4bfa,40대,F,무직,2024-05-08,True
7a14eba6-296b-448c-8e58-2adfda55594c,40대,F,정규직,2024-03-30,True
91ada139-5af1-45ba-bf70-084ad93d5a83,20대,M,정규직,2024-07-11,True
af03c7f1-96f0-415d-950b-35a859dd2181,20대,F,정규직,2025-11-23,True
dccbc24f-99a7-4542-b97f-2610bc3de998,30대,F,정규직,2024-12-30,True
e9b8b0fd-0611-4a11-9802-5eeb2f88477a,20대,미상,비정규직,2025-03-21,True
c59626cf-9b3e-4932-a6ce-ca4662bf70b5,40대,F,무직,2025-01-09,True
2038910f-d3b1-40ab-9e1e-a3d3fd8070a4,20대,M,무직,2025-01-12,True
417f4876-ea27-4b91-99ad-271e3ebe48ef,20대,F,비정규직,2024-12-23,False
71d24957-4001-4fda-be8e-00abdb7bd455,50대 이상,M,자영업,2025-04-11,True
54c6da04-abd3-4f9e-a001-8f4a80625de3,20대,미상,프리랜서,2024-11-09,True
61896b08-789c-4844-9d34-1e9e6bf34645,20대,M,무직,2025-03-31,True
499c2be2-fb70-406e-9785-c85f8c958c45,20대,F,정규직,2026-06-18,True
c3a70fa8-a2e6-4822-b8ab-2b412998ecd7,20대,M,비정규직,2026-06-02,False
f3028aac-5b71-405c-ada0-72d3907551eb,20대,M,프리랜서,2024-03-21,True
9654d94e-b546-4242-90f7-fc1720f9c659,20대,F,정규직,2024-05-02,True
1db1a272-c8a1-4f1c-b18a-7f17cc451772,20대,F,정규직,2025-02-08,False
4e27bd4a-0aa6-4443-8070-043631b984fd,20대,M,무직,2026-02-01,False
fa13bb0c-b9e2-45fa-a63a-ebaa5c1af29b,30대,F,무직,2024-08-22,False
14c5716c-86de-490d-b8c4-ca140d68bc05,40대,F,프리랜서,2026-02-28,False
db9bcc34-5e8e-4c8b-b5b3-3e15ef61e2e0,30대,M,자영업,2025-08-08,False
fa728fa7-108e-4a95-a896-5c4962a9c630,20대,F,정규직,2025-09-19,True
797bde04-2c96-4519-8ae5-ac8072036255,30대,F,정규직,2026-06-22,True
1a6cde12-ffd9-4f0d-9dd0-ba23bab6aba3,50대 이상,F,비정규직,2024-07-30,True
6b1f0519-4b94-4f72-87b5-2ad0c92b43ff,50대 이상,M,비정규직,2025-04-15,True
cd8c5d2a-ef42-4359-8310-da95d11866ff,20대,M,비정규직,2025-09-30,True
a86c2b32-1470-47b4-8e99-ea29b23001b4,20대,F,자영업,2025-04-17,True
4e3334e6-c11a-4431-9d9d-64ff0ff41b3d,20대,F,정규직,2026-07-02,True
8f0450a4-e565-42e3-9ff0-8aabe497f420,20대,F,자영업,2025-06-17,False
60607fea-ab78-40ef-9e41-89b10c67d872,30대,미상,정규직,2025-04-06,False
3da17a60-dd7d-46cb-8c4e-17febfdeb264,30대,F,정규직,2025-09-10,True
54a5c29c-6e62-45e3-8602-e0f9f29b64a2,20대,F,정규직,2024-07-10,True
5b4f600c-d5e1-453c-86eb-e4f7c7bbca48,30대,F,정규직,2025-11-27,True
41e43f43-821c-4c60-b63d-f017217bb555,30대,F,프리랜서,2026-03-05,True
0fb3540f-be08-4107-bb78-b2c40161bd81,20대,M,정규직,2025-03-31,False
e1c17120-d5b4-4164-9167-6b95d7d00c80,40대,M,정규직,2024-05-22,False
03f288cd-1526-4b6b-8922-34cc6698a0dc,20대,F,자영업,2025-08-10,False
f09ca938-e6f7-4e68-89b9-d65f268b39f9,50대 이상,M,비정규직,2026-05-23,False
02aadf6c-835c-434a-b877-24524822cea3,20대,M,정규직,2024-03-11,False
46ba218f-0a8c-48df-80fc-f40dc8e228ce,50대 이상,F,정규직,2025-06-11,True
745a51aa-ee32-4a3d-93ec-f8e30cbd4aca,50대 이상,M,정규직,2026-02-02,True
c5761616-bcf9-4b58-978a-b42742f6f2b8,50대 이상,M,자영업,2025-01-13,True
fb1869a2-5fb1-4b57-946a-092a38b0bebd,40대,F,정규직,2025-09-27,True
0f627a68-f2de-45d1-bcc0-dd3d4a3255ba,40대,F,정규직,2024-04-08,True
6c117bcc-b55b-4bba-992b-848274db05b4,40대,M,정규직,2025-10-20,True
e2d4c3fb-7db0-4c21-bb87-a1b24a549918,40대,M,비정규직,2025-03-11,False
4f495098-29c0-49bb-abe9-2cbf3eea984a,20대,M,정규직,2025-03-17,True
554df25b-e5d0-44cb-bf90-8e244d9d7788,30대,F,프리랜서,2025-12-04,False
ae936fba-3cd9-4468-840e-46d67ff050ae,30대,F,정규직,2025-04-24,False
03369cb3-4db7-4942-b8fc-2a1dac505686,50대 이상,M,자영업,2026-03-30,True
5eacb5be-ef50-4153-9b3a-0946423141c7,30대,F,정규직,2024-12-19,True
6e56bade-21d8-47e7-ba19-54812210b954,30대,M,정규직,2024-09-11,True
3ce373de-c47f-4ecd-80c2-ed7487034470,40대,M,정규직,2024-03-28,True
94c35131-6034-4fdc-92e3-110bed76c27c,20대,미상,프리랜서,2025-09-22,True
54b39626-d6eb-4ed1-bd07-b027e9359a9f,20대,M,프리랜서,2025-10-27,False
ba878e18-7096-4529-a8b6-0e7fe3e33923,30대,M,정규직,2025-03-12,True
5d2dd047-3e8c-4575-ac1b-74c92686bddb,30대,M,정규직,2024-11-07,True
43831ac1-506b-41d8-a05e-da051a58d27b,20대,F,프리랜서,2024-02-20,False
4ce9e90c-5b4b-46c0-bc3f-dec2c254fbaf,30대,F,비정규직,2026-06-11,True
baa2128e-59bc-43d1-88b3-b3e09bed4a66,30대,미상,정규직,2025-12-07,True
502df318-ea1c-4ec6-855b-d3f9c19970bc,30대,M,정규직,2025-11-16,True
68907dc9-bceb-4785-a969-f11a55bdd71e,30대,M,자영업,2025-11-22,True
35c38bf2-b2a2-4ee3-8297-4dedae549fb4,40대,F,자영업,2025-05-25,True
772fe6bf-5f26-4f7e-a2a7-bc9c7fb7bfc4,20대,M,비정규직,2024-06-03,True
6a71aeae-e5bd-4bd0-92f6-3f1ccd32fb9a,50대 이상,F,무직,2026-06-06,True
8f16a34a-204d-4719-ab59-9e9fa130e188,50대 이상,F,비정규직,2024-07-23,True
fcce4821-851b-4779-8993-4c5025e0979b,30대,M,정규직,2025-01-11,True
1f7c1049-4bae-41a2-8fc7-f3b1a8f6dddd,30대,F,비정규직,2025-01-13,True
56ddf389-f0d7-4ff7-b385-e43fca0d1b99,30대,M,정규직,2024-11-19,True
c19f5ab7-b1b3-45f3-89a1-4e1fb5441d6b,50대 이상,M,정규직,2026-03-24,True
58d1a49c-d2c0-43cf-803d-70250192767c,40대,F,정규직,2024-09-21,True
7aab29b5-4d49-4e5b-b627-83f0f9f5d24c,40대,F,정규직,2025-11-29,True
e611c5fc-7570-4be4-9d46-3dde83ca27b7,30대,F,자영업,2025-04-09,True
1133af03-16cb-47c2-b909-57c52e90366f,40대,F,정규직,2024-11-21,True
1b966a70-84bd-4680-9abf-743416bf4acf,20대,미상,정규직,2025-01-23,False
3277ece7-979c-4756-8585-1e6cf3f5d274,40대,미상,자영업,2025-09-24,True
26170075-3dca-4123-8789-fc64dbb510f2,20대,F,자영업,2025-07-23,False
4201412c-54e0-46cb-8d99-c009d6c611aa,40대,M,자영업,2025-05-14,True
f2ef0da7-9ef7-4fdb-af03-57740be0f2b7,50대 이상,F,프리랜서,2026-05-28,True
a5ee951b-4734-4e34-9913-a5438e3cfe2f,20대,미상,자영업,2024-10-09,False
408ac1d3-dad9-4b4e-87da-fdbf73b57ff6,30대,M,정규직,2026-04-07,False
0c349585-3967-4b2a-9e8d-597cf6c740f0,20대,M,비정규직,2025-05-30,False
e71ad69a-c7d1-4627-9b4c-b36c2986b588,40대,M,자영업,2024-12-10,True
70adeb30-db26-4647-b853-0c94a2f05176,20대,M,정규직,2026-04-24,False
311eae17-6b1e-4c25-a3ff-60756f5bcb24,50대 이상,F,정규직,2024-02-17,True
a779136d-33d7-4763-90b2-58477016e76f,20대,M,정규직,2025-08-08,True
474f2379-17dd-44d3-979b-b2e12a496853,50대 이상,F,비정규직,2026-06-19,True
b2fdfe27-db79-4c56-9a27-0a3121d49f0d,40대,F,정규직,2024-12-06,False
76f0a8ed-c1ab-40f4-b86f-1afbdf76bb98,30대,F,정규직,2025-03-04,True
18d51650-ed0c-4776-9a9b-5024a0dc3236,40대,M,프리랜서,2024-12-22,False
c67b2ca4-4f59-4d9e-8388-a879037a0da9,40대,M,무직,2024-09-17,True
45722207-5bd0-416b-a4b7-a0387d7b76bc,50대 이상,F,정규직,2025-05-15,False
c99b8de9-a3f2-41cb-b17f-66e163aada77,20대,F,무직,2024-07-13,False
19ef33ea-9785-432f-8873-6553ac5acb1c,30대,F,정규직,2025-08-14,False
ba96534a-bd33-4bc0-9c1c-ae0a31157464,20대,F,무직,2025-03-15,True
09041ada-d207-4de6-88ce-0bc84af882b8,30대,M,무직,2026-02-15,True
5201706a-e9fd-4bc3-aa46-800b150c7fe2,20대,F,정규직,2025-01-09,True
b2e6f9ef-dcd0-4495-83ff-74056c02256a,30대,M,자영업,2025-11-17,True
2d6be2ab-d2f2-4dd7-92d9-38cc5bd86dbf,30대,M,무직,2024-11-03,True
7887967d-3d74-4acd-ad05-87d6f7735c3b,30대,F,프리랜서,2024-08-05,True
1a67ac71-f464-46bb-a210-14e9490ca4fa,30대,M,무직,2024-06-15,True
27c8abe9-b8a6-4c5e-9cb3-4e8124a595b1,40대,M,비정규직,2024-04-15,True
57f482ea-0566-4b0b-bc88-3aa3462b9965,40대,M,정규직,2026-03-18,True
6f3b33da-6a0c-4a25-823a-08dc958df9cf,30대,M,프리랜서,2026-03-04,False
fce19ecd-ef47-42e7-a7a0-ea5926ca30c7,30대,F,자영업,2024-04-18,True
48cd153b-7368-467c-8c87-80698d00b98f,50대 이상,M,자영업,2025-08-05,False
94ef5c09-6893-4ad1-95dc-aa23e5761c55,20대,F,정규직,2026-06-10,False
b6b717fe-480b-4a74-a676-b1d7c89d0625,20대,F,비정규직,2025-10-26,True
d7adf18a-882d-4258-9406-2b44390bfac5,20대,M,정규직,2024-07-05,False
72f38ba6-45fd-4596-bdb5-a519d8ae874e,40대,M,자영업,2025-08-28,True
3db04bce-4a9e-49bd-8426-a319c5f7e651,30대,F,정규직,2026-04-27,True
16486ddb-7666-4f27-b08e-96ebe60a3499,40대,F,자영업,2024-10-12,True
55049fc1-a17f-4758-a192-8321cea2e20b,40대,F,프리랜서,2026-01-14,True
6a3f1f3f-1b25-4b47-bef9-c56cfb46a026,30대,F,비정규직,2025-08-30,True
3cd6d263-ff03-4642-9331-aa17d3ba44c6,50대 이상,M,비정규직,2026-06-29,True
5d5e27c3-8790-412c-952f-23e3ea307e56,40대,M,정규직,2025-01-25,False
c9b0acb8-d187-457a-9195-4148a4aba925,20대,F,무직,2025-06-10,True
4d8f23e8-5edd-4d39-b9bf-e15def9c9fae,30대,M,자영업,2024-06-08,False
8250e2e9-f487-481e-af04-b51d8686e786,20대,F,정규직,2025-09-15,False
259697b1-19fa-4f9f-9dc3-fad2c105a68f,20대,F,정규직,2026-01-05,True
aa84f201-08bf-436e-b303-079dab2c1384,20대,F,정규직,2026-02-08,True
95b3607d-5d52-46d3-9a71-9aa1f0b117f6,50대 이상,M,비정규직,2026-01-09,False
9f1420c8-a49c-404b-bc66-e1461b6b391f,30대,M,무직,2025-06-05,True
85815e14-d626-4856-b0f2-30c5ba39b2ae,30대,M,자영업,2026-04-18,True
d565103d-1c2b-4a13-9b04-230dc93cb880,40대,M,정규직,2025-07-17,True
771b6462-cde0-4f59-9ab3-e30d66f54fe8,30대,F,프리랜서,2024-06-19,False
b26ac690-1f3a-474c-9421-9cb8fded8d89,50대 이상,M,정규직,2024-09-03,True
daba1c74-0b93-4fc5-9314-65f95cf48856,40대,M,프리랜서,2024-12-25,True
c932ddaf-3c93-46aa-85e9-ff4a2314bf72,30대,M,정규직,2024-05-16,True
3d1a3857-013b-4e77-9d15-6494bcab9126,30대,M,자영업,2024-08-23,True
bdbb8fbe-e5d8-472d-8fd0-c88e82554cae,50대 이상,F,무직,2024-12-12,True
9129082e-d35d-49c6-80ec-81b3bbb3d98c,40대,M,정규직,2024-06-12,False
346befa8-76e6-4973-9c1b-6bf853b2f8fb,50대 이상,미상,자영업,2026-03-16,False
f459ec22-46a6-4630-9f10-4ba52837bb51,20대,M,무직,2024-07-21,True
52ee8d1e-cbb3-434e-9a0b-6cda973dcccc,50대 이상,F,정규직,2025-10-19,True
2a992340-a4e2-4e58-86e2-1cf7a53b9228,40대,M,정규직,2024-10-03,True
70f322a2-7503-40e9-86e0-65beb2284b96,20대,M,자영업,2024-04-29,True
744d2443-e4c4-4cca-b6d6-a107c121e1b0,30대,F,정규직,2025-04-27,True
ad22c02a-0147-4b2b-88f8-667f2ba288ed,40대,미상,정규직,2026-04-16,True
ca1f6f4a-6ae8-44f3-bafe-311747afa3e8,20대,F,비정규직,2025-08-14,True
02031952-3ecf-49d9-8eef-dfa8e5ab080a,30대,M,자영업,2025-07-14,True
75f8f223-891e-4667-b858-0f8bff23079d,40대,M,정규직,2024-04-09,True
cfd4549d-a865-4514-bac2-93eb8f463dd9,20대,F,정규직,2024-04-04,True
024f3d18-45a8-4228-b602-e2f9ba5aa43b,30대,M,프리랜서,2025-02-23,True
97dcbef1-ceec-4818-9aea-550061feb2c7,30대,F,비정규직,2024-03-27,False
4ea7c82b-9e28-43a2-9420-31dcaf26b254,20대,F,프리랜서,2025-06-18,False
e7da3497-aeb3-46f1-a94e-77542d3087ec,50대 이상,F,정규직,2025-07-10,False
2fc363f0-9a5c-4d67-a61f-f92fd096aae6,40대,F,무직,2024-07-05,False
f7c791c8-28f9-4188-8607-698ca5ab9830,20대,F,자영업,2024-11-29,True
c82d311e-0ee5-411f-b7c3-c35b781c4aea,50대 이상,M,정규직,2025-04-04,False
b0c53d92-e418-42ff-94ee-906655c003f1,50대 이상,M,프리랜서,2025-05-31,True
fafcf0b0-eb70-4bee-acaa-3001ff90eb37,20대,F,비정규직,2024-10-27,True
c737a64f-5b28-432b-ba5e-545d723d3543,40대,F,정규직,2024-09-15,True
896c7d24-82c5-4c20-a417-4c0567067858,20대,M,정규직,2025-05-02,True
129c69d6-ddd5-4c06-af97-55368ee64037,50대 이상,M,자영업,2026-06-05,True
cda0d0e8-79d0-4dfe-997e-92db1cf14179,40대,F,정규직,2026-04-05,True
144da2e8-a67b-4b48-93d5-baec375ebbcc,40대,F,정규직,2026-02-27,False
0ef1ba57-863a-4e83-8083-2868e2d81c94,20대,F,정규직,2025-05-26,False
5eec2c24-4fb9-4e8d-9438-7e60649896d1,50대 이상,M,정규직,2025-01-14,True
37ad71bb-9ce0-43bc-9009-2b7de1076103,20대,M,정규직,2024-08-02,True
77b0c560-43b8-4412-bc6e-d2556568ec31,20대,F,비정규직,2025-12-12,False
f7321508-263f-40b9-9858-65f8a18904c5,20대,M,정규직,2024-08-17,True
67dd107d-f7a7-4df6-9811-b11a194c126c,40대,F,정규직,2024-11-30,True
4f993998-fe7d-43ff-bd98-ec7c04f5032f,20대,F,자영업,2026-05-19,True
8edfa04c-c262-430c-a508-036d9c931a45,50대 이상,M,정규직,2025-08-31,True
3ea8013a-77cd-4443-8b4b-8dd88ae22055,40대,M,자영업,2025-10-12,True
538e8098-3cc9-4ea7-899c-ad823c08cf51,20대,M,정규직,2024-05-22,False
8e75353a-f469-469d-9ff9-bb0d47cd43e5,20대,F,정규직,2024-04-22,False
89c2f2b9-73cc-418e-96e8-ee5c31f81a66,20대,F,정규직,2024-07-20,True
6886409e-7280-42e8-859e-1d5b6f1f78fb,30대,M,비정규직,2025-03-30,True
3ff0a1ee-a330-4e0e-8748-48f6c523eeaa,40대,F,정규직,2025-04-30,False
11112650-cf6a-4cb5-ab36-a68662b8190f,20대,M,프리랜서,2025-10-05,True
e12b40f3-3801-4f82-af65-e557cd82d8d9,50대 이상,F,정규직,2024-08-29,True
d70fb34b-f4b5-4035-abdd-08270c2c0160,20대,F,비정규직,2026-04-18,True
b1af16eb-2033-4f98-842b-cbb91559d91f,40대,M,비정규직,2025-11-09,True
a3b24276-da00-4665-b4d7-be8a6fa5fb29,50대 이상,M,정규직,2026-03-07,True
3b092a69-e31c-43b7-8012-843540ec0a83,40대,F,비정규직,2025-04-28,True
1318ab86-dbe8-4975-ac15-e5ae70bd88df,40대,M,정규직,2025-10-15,True
127db551-d338-46aa-9b8b-ce788191fbbf,40대,F,정규직,2026-01-12,True
f8a1bcd1-ac83-42a6-99dd-81bdc03f4c1a,20대,M,정규직,2025-08-09,True
466f3fa1-558a-4f0e-89f7-b95bbf74af27,20대,M,자영업,2024-06-14,True
13b86524-6ca2-429d-a993-31bce8047a1a,20대,M,무직,2025-03-04,False
c7d505e9-18cb-41ca-9bb5-e3eb99f2d0b1,30대,M,정규직,2024-07-16,True
1375200e-182c-4422-be03-2c6c0eb9998d,40대,M,자영업,2024-04-28,True
bb362ec7-c8c3-43d5-b53a-5438f4a0631c,40대,M,자영업,2024-05-09,True
8fafc4e9-df97-454b-901d-b842a9caa2d0,50대 이상,F,정규직,2025-08-31,False
d7c45a62-95f2-4d81-afc2-a35cacfdfb0d,20대,M,자영업,2024-05-30,True
5188a41e-ac2c-44d1-8c6e-7e887f3cfc0c,40대,M,자영업,2024-05-02,False
ed0bdf0a-1142-40bf-bb47-0af27166cdd1,20대,M,무직,2024-03-20,True
1b968ab7-dc48-45c9-b8f5-aa913747b605,20대,M,무직,2025-08-31,True
ee0223db-a811-400e-a8df-ce1dc4db94b3,40대,M,정규직,2025-12-16,True
c75fabdd-908d-4b1e-866c-d4129a02b870,50대 이상,F,정규직,2025-02-09,True
fe077c28-76e3-4b5a-9ec8-6773553ae243,30대,M,비정규직,2024-04-13,False
3f7dbe87-b5c0-41b9-aa7a-486d0c1b00bf,20대,F,정규직,2024-05-10,False
10fda59a-c65b-4a15-aaca-ebc9eee7ac7f,30대,F,정규직,2025-02-21,True
daaa163c-5d84-4aaf-a823-fbd65fd2cd45,20대,M,무직,2026-02-23,False
9e2b1510-c41e-447e-99e2-9298b17e79a8,50대 이상,M,정규직,2025-06-30,True
e9ce678b-6ed2-4390-8916-b8ccd631699a,40대,M,비정규직,2024-10-19,True
17e61a82-be3a-4eb9-add5-743968f7dd3b,20대,F,프리랜서,2025-03-02,True
650056ed-fb1e-44ec-88e7-924766592d64,20대,M,정규직,2025-09-05,True
d0d78129-6ba3-4ea9-9eec-72b6fcab1541,20대,F,비정규직,2025-09-07,False
f35d0efb-5b91-4ffa-9f91-b97c664c1dcb,50대 이상,F,무직,2026-05-12,True
b13473ca-c6dc-4bcd-9457-da53f06af5a2,30대,F,비정규직,2025-10-24,True
401e9495-98d8-411f-8a38-671cf40898c1,40대,F,정규직,2024-11-27,True
9532d026-3d9f-4d76-8656-68a34c49368e,40대,미상,정규직,2025-12-05,True
f561f8f4-d22c-4082-a2ab-1d7068a7bf52,30대,M,무직,2024-02-19,True
2f958ca5-ee7d-42f6-b77a-b76857ad3db9,20대,M,정규직,2026-04-22,True
a617a348-6593-4d42-82d4-d63a731a8a01,50대 이상,M,비정규직,2025-02-05,True
06aacbc2-52bb-4c73-aca9-ac58af821d3a,20대,미상,정규직,2025-04-26,True
d21a22e4-f697-41fd-93a2-75b5877c8c58,30대,F,정규직,2024-07-08,True
afb0fc77-e698-4dd1-a460-dd7cda514eb0,40대,F,무직,2024-05-21,True
d24442a4-134e-4cfc-856f-03afdca2d4d3,40대,M,비정규직,2025-03-17,True
e51f3f63-7f24-4af9-9bf4-4734e34e69f7,50대 이상,미상,무직,2024-12-31,False
4b116c58-667a-48a8-a05e-2bb640e2cabc,20대,F,정규직,2024-11-01,False
67adb7a4-d864-4190-a950-a75ceeb4c587,30대,F,비정규직,2025-04-05,True
2b0c14ac-44f1-4caf-844e-75769235b836,30대,미상,프리랜서,2026-01-23,False
eb284307-2433-45e1-bcd0-4aca10e56ad8,30대,M,정규직,2025-06-25,True
4b93c90a-f9cc-4623-9148-4d1b55c27b9f,20대,M,정규직,2025-12-04,True
fd4194d3-92d6-43b2-b545-43cf15710a15,20대,F,프리랜서,2025-05-24,False
c8a0794b-b78e-4c63-8b71-6f9225b011d3,20대,M,정규직,2025-01-13,False
6e2bd952-a8db-4406-b8d6-3964ae9b3a1a,20대,M,비정규직,2026-01-01,False
13dfa1b7-35de-4384-9fd9-3d66b0995171,30대,M,무직,2025-11-28,True
1dd8c876-403e-47ce-8633-c8b70ee5fd19,30대,M,정규직,2024-07-17,True
abce8199-82c9-4d67-9191-5fcbccc1ec02,40대,F,정규직,2025-08-08,True
24b63399-c6e1-4408-84dc-dd152eb9e7b4,30대,F,정규직,2026-01-11,True
0da382f5-ea20-4425-b307-23d80872c9fb,30대,M,정규직,2024-10-20,True
d8f9f771-c6d6-495b-860f-272c98a55130,20대,M,정규직,2024-10-17,True
156ce5e1-f1c9-416b-86d6-cbbb2f3045d8,30대,M,자영업,2024-07-14,True
44bc21b7-5848-4e3d-8d5f-e04717ca5ae6,20대,F,정규직,2024-09-09,True
9c8ed18a-c419-4ffb-bdd7-a92370cd50a7,20대,F,자영업,2024-02-20,True
dd5034f1-cef9-4063-a361-947eb9c423e5,30대,F,정규직,2025-02-17,True
e783c447-210c-4ea6-a02a-9692fc80974a,30대,M,정규직,2025-10-26,True
3cef8e47-92a4-4c6d-8d93-62a2a0dac89e,20대,M,정규직,2024-06-12,True
07c87a75-578e-465a-b2be-1f5d88ed7ead,30대,M,자영업,2025-11-14,True
d522cfcd-6fa1-40ad-81c9-e534545b92e5,30대,F,비정규직,2025-10-22,True
d01e6405-4fb1-420d-9185-979f517a99a1,40대,M,정규직,2024-07-12,True
498ad866-091a-4ff1-b1f6-40ff56bf5fb5,40대,F,프리랜서,2024-05-26,False
ebc50f6d-7e69-4f3b-adfa-6d12d98bd3e1,40대,F,비정규직,2025-09-10,True
90e87801-3a90-454a-8bc1-1c4470f1efdd,20대,M,정규직,2024-10-06,True
e2000a75-c917-40ce-8b26-7ee469536b2a,40대,M,프리랜서,2024-04-21,True
d52f0c3e-c381-4d5f-9dd2-6b4d74cf5359,30대,M,정규직,2024-08-07,False
36f4ee5b-be6f-4645-8125-66ffa7841210,30대,M,정규직,2026-06-28,False
beb17938-d64a-470c-8d85-2e3716f14762,40대,M,비정규직,2024-12-01,True
dc1aa4c6-28ab-42f1-be08-da61e7c5ec37,30대,F,정규직,2026-02-05,True
9ffdc1f0-5079-49ca-9725-ea9cd662d661,30대,M,정규직,2024-06-26,True
fbde2cd7-69a2-4b60-ae34-07df6678f991,40대,M,자영업,2026-05-05,False
2e427bc2-6ccb-4406-a5e9-24c82d050aab,50대 이상,F,정규직,2024-02-20,True
2426c56e-e6f7-4e7c-be36-fabe4d5db241,50대 이상,F,프리랜서,2026-01-29,True
9c53ee8e-40f7-488f-8457-96309892ff61,30대,M,무직,2025-07-02,False
d87e9826-9fe9-4819-8e23-a91fc2dafa54,30대,F,자영업,2025-12-11,False
b89840ce-7628-4ee5-9085-9f2db8601c3e,40대,F,자영업,2024-07-24,True
53eec9b7-387c-4f83-aa03-fcc00f102c04,20대,F,자영업,2025-07-25,True
ea0c1144-49e1-4f86-bc6e-a39904d150f6,40대,F,무직,2024-09-23,True
d2ee42f7-d6ec-4250-b1b6-75116331a398,30대,M,정규직,2026-05-05,True
6e1b5fca-c2ef-4dd9-bda5-35990a1398a4,20대,미상,정규직,2025-06-04,True
9ef4eb4f-1747-4703-96e9-64917d062091,20대,M,비정규직,2024-05-01,False
21585571-300a-4c16-afcd-649082c9ba47,50대 이상,F,비정규직,2024-04-17,False
85c66a4b-db6d-4f9d-a316-d8bab976df32,20대,F,정규직,2026-01-02,True
f44510d8-2273-483f-a571-7056a91af69b,20대,M,자영업,2025-07-24,True
e1c4f0c4-5900-486b-a85d-de2eaf740f6b,30대,M,정규직,2025-07-12,True
190b6fda-b4b9-407e-8c14-167032463643,20대,F,무직,2025-02-26,True
62df2854-f0ff-492b-ba46-45f3536f05d7,20대,F,정규직,2025-03-22,False
2d7d5d7a-46d7-4c93-991d-1895741ec544,40대,M,정규직,2026-04-01,True
b9caff48-80bb-49e2-86eb-db664544a6ae,20대,F,정규직,2024-09-07,True
4efc40af-eb0a-460d-9fa8-4958f4d329a1,40대,F,정규직,2025-12-18,True
4c829756-fd29-422c-a249-ce21221adf57,50대 이상,F,정규직,2025-10-02,True
2fbc41cf-a730-428a-9cac-376f668ee4ab,30대,M,정규직,2024-07-01,True
c5700a30-ce85-4741-b934-d230d7ade447,20대,M,정규직,2024-11-10,False
0e64ebd7-65ce-4cb2-ad5f-f52f3cae63dc,30대,F,정규직,2025-07-22,False
f7878743-7936-40cc-a1a4-b35f5a6b49e0,20대,M,정규직,2024-04-30,True
838e9f07-35f7-451d-888c-d7acdbb11e3a,30대,F,정규직,2025-07-25,False
44c4a5a5-1738-4766-bfb1-818187cc0531,50대 이상,M,정규직,2025-02-26,True
59136714-e237-45d5-8815-e830175f3916,50대 이상,F,정규직,2025-11-30,False
4ad8f50e-b799-4150-be5e-59b86fabe137,40대,M,정규직,2026-01-24,True
92bf917b-ee11-451c-8f71-fbb92ea59f1c,20대,M,정규직,2025-05-01,True
c799a3a3-80c9-418b-aa8a-81d9356491f0,40대,F,정규직,2025-02-28,False
9c38d273-7f0a-4eae-931a-12fadd2b075e,40대,F,자영업,2024-07-31,True
86361a16-847f-4a74-858d-5a0b71cb56d5,30대,F,무직,2025-07-27,True
427d1ae3-d401-445b-9615-21532851cc48,40대,미상,무직,2024-05-15,True
7b6092c6-6b9d-4026-9fa7-2b5de57d9fcb,20대,미상,비정규직,2025-01-20,True
a68538c4-2059-4ea0-90e9-27427e356c15,20대,F,비정규직,2026-05-03,True
05f75222-ee61-4c5d-a5a3-9e78f18fc340,30대,M,정규직,2024-09-27,True
47241a79-e1e3-409f-b560-e6c78ce9ce5f,20대,F,자영업,2025-02-17,False
d1bc231e-1d47-4ac7-8ead-bad7251e55bd,20대,F,자영업,2025-07-29,True
6d3e8245-6cb1-4090-8000-cf082910f858,40대,M,프리랜서,2025-05-22,True
abcfe451-f869-4dda-af11-3bc0b0950531,50대 이상,M,프리랜서,2025-10-13,True
24f5b64d-801f-44ff-b61b-99e6a2e8ff02,30대,F,정규직,2025-01-14,False
28f6dc36-eaea-443e-870a-b3cde32e3107,40대,F,자영업,2025-02-24,True
e4a4c7c2-e9df-4ff6-8468-78e267689c05,50대 이상,F,프리랜서,2025-06-08,True
477d5128-1660-4a01-a3ca-1017227055d6,20대,미상,정규직,2025-10-27,True
c3179ebb-5e1a-45cc-a630-3695de5dd9fd,30대,F,무직,2025-07-21,True
327ac337-08c3-4bde-8708-8473dc95920c,30대,M,정규직,2025-04-25,False
d47ac17b-f675-4545-825b-4e889438cacc,20대,M,무직,2025-05-18,True
0bb1242e-12db-4e84-a05f-7e1fe7792a83,40대,M,자영업,2025-10-06,False
85f3fa73-17f9-4954-99a2-287dfdba4be9,30대,M,정규직,2025-02-11,True
115964d2-9a0b-41f0-b8a3-9c0d333d938c,30대,F,자영업,2025-12-17,True
31310906-b8d6-4cd7-942a-669a55cdfe4b,20대,F,정규직,2025-04-23,True
d3ab15fc-4fe7-41bd-94bf-dee7c2bf2d84,20대,M,자영업,2026-03-19,True
c274b367-b304-4957-91ce-1d01cc8ab8f1,50대 이상,M,자영업,2025-05-18,True
b3efe66f-c2d4-405a-9dd7-06d82dd9e7b5,20대,F,자영업,2024-08-19,True
d8ff5ecf-92b6-4322-9be7-501fd5c1a328,20대,M,프리랜서,2024-07-21,True
fce160b4-0415-4a35-b43d-771ea661b9b1,20대,F,정규직,2024-11-05,True
a47217cf-fa08-47aa-82aa-0e6c013bfff2,30대,M,정규직,2024-09-22,True
f8f03fe5-c23e-4e08-a4ce-7c89aff4164a,30대,F,정규직,2026-05-06,True
25387c52-ec3e-4420-9420-19c032221737,30대,M,정규직,2025-09-09,True
596b3f10-6ee1-4e7c-bb63-1292ecce3ee5,20대,F,정규직,2024-12-10,True
b6d121c7-e050-435a-a7b0-69f68d0b460e,20대,M,정규직,2024-08-05,True
6c381474-613d-4a1a-acc0-fc3a694b1625,50대 이상,F,정규직,2025-02-10,True
b0f1f1a4-5aaa-49e3-a7a6-e4bedcc560d4,40대,M,정규직,2024-06-20,True
4ae00dd9-3ac4-4114-b7b8-41ed28551fdb,40대,M,프리랜서,2025-11-07,True
5f47984e-5280-4e99-9a08-4b6a23f03c90,40대,F,정규직,2026-02-19,True
9d0c7208-d1ff-4e17-81c7-92a4f4e2b61c,40대,M,프리랜서,2026-04-18,True
0459726d-41b0-4782-a376-4a512f7cc179,20대,M,정규직,2025-02-11,True
58d9a18e-2a73-4420-a5ff-d9038d7f7fb7,30대,M,정규직,2024-12-01,True
c3f42468-211b-4193-b238-5caf76404921,30대,M,비정규직,2025-10-27,True
2636e35e-4a1f-4d50-ac63-e838c59617dd,30대,M,정규직,2024-08-20,False
42ac3518-b962-4930-896d-bce594d15fe6,50대 이상,미상,정규직,2024-09-27,True
334f081e-583d-466e-8f92-7d08b85fa025,30대,M,비정규직,2025-08-23,False
3118bd2b-0397-4a1f-a594-680c5e62884f,40대,F,정규직,2025-12-07,True
e4110da1-2a69-474e-8829-9f62c9651e88,50대 이상,미상,정규직,2024-09-25,True
ef5f8747-5c21-4837-a22c-cd93645b2a55,30대,M,비정규직,2024-11-25,True
6523cf6b-d494-4d42-9032-956f86af2fa8,50대 이상,F,정규직,2026-02-04,True
46d98119-a6ae-44bf-b858-6333cc10250f,30대,F,프리랜서,2025-11-23,False
d8c991c8-b9b2-49a3-8b64-a55c2eb25052,50대 이상,F,정규직,2025-05-06,True
7ab60c8d-ec92-45da-83d0-8a67f3bd1f45,30대,M,무직,2025-04-14,False
060f0f4b-c3d8-4aa7-a5b0-f1f28918de8a,30대,M,자영업,2026-02-08,True
54c23650-0360-47c2-967d-48bb5aafc249,30대,M,무직,2024-03-29,False
361a704a-1687-4f5b-bba5-30e2e922650b,20대,F,프리랜서,2025-07-29,False
989a0c60-e1c4-4bf0-b96d-d712add0bea3,30대,미상,정규직,2025-08-05,True
d10ccc32-398c-47e0-9ef8-17805bb79877,50대 이상,미상,비정규직,2026-05-11,True
54e798ec-b9cc-4b34-bddd-39dfe47db380,40대,M,정규직,2024-06-01,True
87c2812c-23dc-4308-81df-11746e8f1ce7,20대,F,프리랜서,2025-12-10,True
78ef86f2-9424-4b61-ae6d-5403eefc4247,30대,M,비정규직,2024-02-25,False
529f1e9c-2d2b-4c7a-964e-803ac727bb71,20대,F,정규직,2025-04-27,True
69e16506-83e3-4242-b437-8471093de761,20대,M,무직,2024-06-01,True
c3da86af-5756-4867-9eb1-44368a2bf6cf,50대 이상,F,정규직,2026-01-28,True
0da1def1-6ef0-44ed-a70a-7185c704cea8,30대,F,비정규직,2026-02-08,True
8cff0d81-14bd-43de-9d27-9b5ccc3d6eda,20대,M,자영업,2024-08-05,False
2025fc6f-35a4-4277-9ba6-1de93a2e3d75,30대,M,정규직,2024-07-19,True
882c1686-987c-4e22-a5f1-9ae5a692d504,20대,F,비정규직,2025-03-17,False
d015ccc2-7845-4003-be3e-cf0114d021b9,20대,M,프리랜서,2026-06-05,False
c13b0d29-4a3f-4a7b-b51a-fa7850e44b89,40대,F,정규직,2024-04-02,True
ff941eac-76d3-4f55-b46e-d94f3b4da5a7,40대,F,비정규직,2025-07-25,True
5f2efef8-fa59-4aad-bf09-5665165013e4,50대 이상,F,정규직,2024-04-09,True
ca1485ab-432d-48e9-9a13-e5c12f97bfda,40대,M,자영업,2024-06-05,True
d6ff9313-694d-487a-96c8-99965d80511d,30대,M,정규직,2024-06-22,True
ac5fcd5f-f8f9-4cda-961d-98006e45b8a1,40대,M,무직,2024-11-10,False
844a5e10-2ca0-43c4-9f84-8a4b94c136ce,50대 이상,미상,프리랜서,2024-11-24,True
ff15792a-5ea4-4747-a2be-59f4286b5cf8,40대,M,정규직,2025-03-26,False
c97926a4-0009-4330-9dd9-a4b05b290e46,50대 이상,M,정규직,2026-06-11,False
eca5f0f7-58d7-4320-b51b-a577f17a841c,40대,M,비정규직,2025-07-30,False
d65ebbeb-5ddb-4252-8e1f-3d5c9a4f155b,50대 이상,미상,자영업,2024-10-05,True
62fafffe-8c0f-45a8-926e-3e2c6b9e21f6,20대,M,정규직,2024-07-26,True
d743db15-b35b-44a4-bf0d-9492e41b54ab,40대,F,정규직,2025-03-03,True
5b05d57a-a339-45bf-834c-27420dd43e86,30대,F,정규직,2024-10-23,True
5baf536d-df84-4bc7-83ba-3205bd1a722f,30대,F,무직,2026-06-14,True
62a82a98-b058-4ee3-888c-d568a181800c,40대,미상,비정규직,2025-05-21,True
33d06604-b49c-40ec-a9e7-0af0328f8bd0,50대 이상,F,프리랜서,2025-04-17,True
16a67818-1b89-45a4-ba43-7f6dc4741abc,50대 이상,미상,비정규직,2024-05-17,True
50999552-72f2-406e-b4b8-0629711a43b1,20대,M,무직,2025-10-05,True
dbfc4760-348d-4a6f-b552-e3772d5876aa,40대,F,정규직,2025-12-14,True
6b575b4a-c26e-448f-9559-33afebc8ad39,40대,F,정규직,2025-08-30,True
cc0116ae-96ee-488e-8d79-edd0e2beeca6,30대,F,무직,2026-02-04,False
d9326176-878d-4d33-82ab-b7df48bb118e,20대,F,무직,2025-03-04,True
3a4abcc5-7774-4917-b7c9-098b37210f34,20대,미상,정규직,2024-12-20,False
d85b1482-edef-44f3-b5dd-fe23e4a2e9d4,40대,F,정규직,2024-08-05,False
6004bc5b-3149-4704-ad80-094d430729b2,30대,F,비정규직,2024-03-09,True
9fbd4a73-c40b-4148-ada5-44c8f6641631,50대 이상,M,정규직,2026-04-29,True
db1271c1-c8df-46c1-b31d-01751a902415,30대,M,정규직,2025-11-29,True
13b16444-9f90-4fd2-9a2f-ca270ad84a3c,50대 이상,M,프리랜서,2025-10-14,True
de490d50-3743-45c7-9a5d-c66ba9ef9ddb,30대,M,정규직,2025-11-27,True
42b6b2a6-cdd0-45c4-8485-47abf628b3b3,40대,M,자영업,2024-07-13,True
5a79477b-af95-4ffa-b791-f8b30527933d,20대,M,정규직,2026-03-03,False
4db8888a-8ad7-4324-a72c-3ca98e931914,30대,F,정규직,2026-06-07,False
584c9362-21d7-427b-8175-f46ce98167c5,40대,M,자영업,2024-06-14,False
22b25d86-55d5-4a94-bcd1-8de25d63b1da,50대 이상,F,정규직,2024-03-18,True
008d9876-a362-4cb0-939d-bb2151ce4f7a,40대,F,자영업,2025-12-18,True
3862b3ec-fc95-40ff-b277-24ca6d7f4d5d,20대,M,정규직,2025-09-16,False
d1b04e44-4e3b-4db1-9f5b-e6fc0c5f6dee,30대,M,무직,2025-04-21,True
8c2970e9-fcb4-4fc0-94ad-0a0f9d298765,20대,M,자영업,2025-04-01,True
b1722170-6958-4475-bac2-28b90fa0f0a4,20대,미상,프리랜서,2024-02-21,True
dfcab4e7-2b7c-43a3-8829-d4465545ef03,40대,M,정규직,2025-07-16,True
0198afbd-26cf-4191-a2e5-a057daa13917,40대,F,정규직,2026-06-22,True
85ce2a48-7587-4259-8e1a-0467bab56139,40대,F,정규직,2025-06-30,True
47b62168-6099-47e5-915b-6ed369cfbd67,50대 이상,미상,비정규직,2025-03-05,True
34d6b4c6-7b31-4555-9f92-a5d1befa6afb,40대,M,정규직,2025-04-09,True
39702eeb-ae8a-4aa7-a307-f67a50a7e556,40대,M,정규직,2025-04-13,True
6f96cd8c-1ead-42d4-b908-0068eac039ed,20대,M,정규직,2024-04-21,True
8c2d4939-2ecb-4042-b0c1-701049587aaf,20대,M,정규직,2024-07-30,True
dfd137b9-d330-4497-8a78-a45937ae32c2,40대,M,정규직,2025-11-26,False
ce7ffde9-46e2-4bba-a17e-37e5f3cae858,50대 이상,F,정규직,2025-08-27,True
2f967b21-071e-4a37-8634-b8e69c1cc1bb,20대,F,정규직,2024-11-29,True
e36e47ab-cde8-490a-bc5e-ef0c9b1eb861,30대,F,자영업,2025-07-11,False
0fd6a5f4-b44a-401f-b9b3-cae2ec269662,40대,F,정규직,2025-06-25,True
995140de-d5e1-4a69-820f-1cf24825837f,20대,M,정규직,2026-02-06,False
22540e39-28ff-4ea5-99e2-a2606c35fc15,30대,F,비정규직,2025-11-23,True
4811fc1d-5611-4831-b7ce-4f3f6dfc2beb,50대 이상,F,자영업,2024-09-26,True
613c02de-be09-4a2d-a2b8-ce6872c286b7,40대,F,정규직,2024-06-29,True
258c37a2-5b62-48e8-b065-5de735d54026,20대,미상,비정규직,2024-08-19,True
df3a6a3d-5fac-4f37-9397-59c27c1c6398,50대 이상,M,무직,2025-10-08,False
4936a0d4-3ee1-4fc2-9af8-fe9f173b655a,30대,M,비정규직,2026-03-06,False
04e1dffc-bbf5-48e5-8d06-797f0f553797,50대 이상,M,프리랜서,2026-02-14,False
cb92f3cb-5611-4f8c-8b9b-7898052b760b,20대,M,자영업,2025-07-25,False
295d7408-7f10-43e8-a211-1b8b30f7c10e,30대,미상,정규직,2025-04-08,True
f681ece9-da8f-4fbf-94ff-4301f25018c6,30대,M,정규직,2024-05-17,False
76394248-e426-4a13-b915-b2e6ed029d7a,20대,F,자영업,2024-05-12,True
7014413c-9964-4781-bdd9-a278e0c7fbb6,50대 이상,F,무직,2026-06-30,False
3ec98a1c-88ff-4ab8-9437-2c8f648e6078,20대,M,비정규직,2024-10-25,True
8e631656-8eee-4d18-bd53-b40adf9e0770,20대,M,정규직,2025-10-16,True
6c82b555-5b38-44a2-89c8-7df423f5a520,30대,F,비정규직,2026-01-11,False
622513de-bc4b-49fb-9914-393a9cfac5ac,40대,F,정규직,2025-03-07,False
66c7b9d2-0aea-4e4d-a5eb-74a375ec1de4,40대,M,자영업,2026-06-03,True
872d6792-8673-4433-9d63-b1e87196c1e4,50대 이상,M,비정규직,2025-09-15,True
fb50dfbd-a27d-4c22-a739-e5ff557a55c1,20대,F,자영업,2025-03-09,True
a4271bae-b69f-40d3-8ee4-1f1eea802aaa,30대,M,프리랜서,2025-11-08,False
65167a98-5071-4f3a-bd8e-457b5fc85a5a,20대,F,자영업,2025-02-01,True
f5456e61-0c18-4a2f-965c-4c1bb813eda9,30대,M,자영업,2025-05-28,True
0b180523-ee6b-4f2e-9def-179147be642d,50대 이상,M,자영업,2024-08-06,True
04e1b049-3aac-4d0b-94d0-84db35692228,40대,F,프리랜서,2026-01-26,True
444d271a-6e99-4365-9a5a-50b474e6cada,30대,F,프리랜서,2026-05-14,True
9c0287dd-78ea-4095-8d7d-28026c8bcc0b,30대,F,정규직,2025-03-29,True
96ae3a55-4cb9-47af-9431-c59ae4a15f2d,50대 이상,M,비정규직,2025-11-21,False
fd6657c4-d4e9-420a-8b4d-dbd5ade823c5,30대,미상,정규직,2024-10-26,False
e814499a-426e-4381-bfba-258176a9df45,20대,F,프리랜서,2026-04-12,False
93dc7700-f0e9-4ca9-ae46-354ddf000a7a,30대,F,자영업,2025-02-17,True
ca7425c2-c4a3-4bfb-85c2-9dc563dd60aa,20대,M,정규직,2024-02-22,True
b83b182a-b321-4591-bf70-c93369383cdb,20대,M,정규직,2026-04-12,False
cad1b6ff-72a9-4e15-95a2-abdfdce010b4,20대,F,정규직,2025-10-13,False
cca2a05d-0616-429b-97e0-20d9e3e2ff6f,30대,M,자영업,2024-06-28,True
428f5d6a-f340-437c-94ce-e3c7acab98f7,40대,F,정규직,2025-03-25,True
9e2bd8b7-eeb8-42c1-8522-7da1f2bd5dd8,30대,M,정규직,2026-01-31,False
29a0837a-8e0e-43dd-9869-9d138ecfd8c5,30대,미상,프리랜서,2025-12-29,True
f445da96-fbb4-4100-9ddd-737465e9a014,50대 이상,M,자영업,2024-09-05,False
2db5eec7-3f56-4ac6-89f5-dc3d055c1650,40대,F,정규직,2024-06-14,True
90803b70-2df2-4fee-9647-166d0f59bf3c,30대,F,정규직,2025-08-23,True
4f952831-c41b-4157-9b64-dfba8b8a3cb3,20대,M,무직,2025-05-16,True
a25d64fc-79ab-4417-8942-260393bd642f,50대 이상,F,자영업,2024-08-20,True
1c7017e1-6197-49b4-9234-4fc380ae5726,20대,F,자영업,2026-01-30,False
54447bd6-abbf-4b02-9b6f-4b69bf5dab8e,30대,F,정규직,2026-01-04,True
6fc9f088-8d83-49e1-9852-a5f4fcdb0369,50대 이상,M,정규직,2024-08-28,True
cbd4da9c-094e-4c97-8de7-11f353648adf,30대,F,정규직,2026-01-21,False
44e77225-46e7-46ad-8126-f876cc75839a,40대,F,자영업,2024-08-31,False
7fd68917-d8fb-412e-acd6-2747a461c50b,30대,F,정규직,2025-04-26,False
5d713484-3c27-497c-b819-8a8912de05b6,40대,M,정규직,2024-02-22,True
f428e2ed-3516-412a-9fbe-26c19a80f7d5,20대,F,자영업,2026-06-04,False
e7a4cd06-0f89-4e40-a066-d83164f388c1,20대,F,무직,2024-04-01,True
78584357-a9c8-4c6c-a86b-d5eff1954180,30대,미상,자영업,2025-12-18,True
9abfa5df-c617-461c-a1c1-eb56ea39b5d9,20대,M,비정규직,2026-06-02,True
2acae81c-91fd-4f3e-9fef-06120ba01847,50대 이상,M,비정규직,2024-10-11,True
7c6c0e9e-6b5a-440f-98c4-43341fb60294,20대,F,정규직,2025-03-26,False
a64883be-a931-4e19-b42a-c092415edb0f,30대,F,정규직,2024-07-04,True
1841adaf-c672-4db9-ba42-28b017486e36,40대,F,비정규직,2026-03-30,True
f26cc30e-3e34-4ca3-b2e5-68af10edcdfe,40대,M,정규직,2026-04-23,False
5237449f-e8be-41a8-a46e-9d7dce124c36,30대,M,비정규직,2025-02-24,True
c82a57c0-32dc-4964-a420-1b77ba47cd5f,30대,F,프리랜서,2024-05-26,True
06d03a81-2bdc-4465-87be-d5f4665ee02e,50대 이상,M,무직,2025-07-14,False
496f7648-dffa-43a8-87a9-4f9de5978796,40대,M,정규직,2024-08-08,False
82563663-9892-47ef-9294-6e7efecd4272,40대,F,정규직,2024-05-05,False
6752d124-55e0-4afc-a630-3e670e1e0709,50대 이상,F,정규직,2024-06-06,False
d90cb28e-d665-4583-8657-a8365d95d06c,40대,F,정규직,2025-04-16,False
5e5b17cf-f374-4063-8b82-1379a28a36d7,20대,M,정규직,2024-11-02,False
358af8a9-22f4-4fdd-b28f-29c94d092805,30대,M,정규직,2025-04-01,True
4df6a7b5-cc17-4389-b209-acf869d048ec,20대,미상,자영업,2024-11-23,True
26e110fd-5090-4677-814f-8c6016e5f369,40대,M,비정규직,2025-02-24,True
905c8885-de35-4823-93df-3007434bd7d9,50대 이상,M,프리랜서,2025-04-02,False
1d177d64-6b09-4f68-b4f3-37029f254676,30대,M,정규직,2025-06-17,True
13144125-08bd-4844-8335-3399f0c1a683,30대,F,정규직,2024-12-12,False
b3836a67-3f07-467f-ba58-bb645fd2b09d,20대,F,정규직,2024-09-17,True
0e7330db-c4f7-423d-a6c5-847f33fd012f,50대 이상,F,정규직,2024-04-24,True
f87aae2d-5bbc-438e-9ba7-6057f6cdc6a7,20대,F,정규직,2025-01-15,True
f6b2f659-fcbd-4a78-abdf-0d4ec23cceae,20대,M,무직,2026-04-06,True
bbad3c9d-f6b5-4b50-81a6-fe273ccefd8d,20대,M,정규직,2025-02-06,True
5660d8c5-cc07-4180-8a6c-d588bd9c1e97,20대,F,정규직,2025-10-01,True
f97ad000-1ed6-4f9e-aa52-1f04cfe911a0,30대,M,비정규직,2026-06-09,False
6059d67b-1485-4e25-956b-1b1886d89827,30대,M,비정규직,2026-04-30,True
783d27b9-fc1e-4929-8158-2034af834749,20대,M,비정규직,2025-02-03,True
64e1f321-a159-47cf-ae19-5199e320d285,20대,M,정규직,2024-04-02,True
ee2c3b4e-3f9e-477d-8f29-1ba6df905217,20대,F,프리랜서,2025-04-19,True
9a936910-5875-4034-9564-ea1f74411d9d,30대,F,정규직,2025-06-10,True
8177989b-4136-409b-b68d-744b309944e8,20대,M,정규직,2026-04-16,False
ffcbef43-b925-486e-be71-68f7e78d1586,40대,F,자영업,2024-11-22,False
61a14c0f-cf2c-4717-b51b-38f905f9e6cb,20대,F,프리랜서,2026-05-15,True
e318398a-152a-42d9-96ad-288bba43989a,20대,F,정규직,2024-07-01,True
f519635e-5b91-463a-9fdb-7e92b9500518,30대,F,비정규직,2024-07-22,True
5bbcee3c-6341-4f97-951e-f584e39a1505,30대,M,정규직,2024-02-21,True
b94d6900-137d-4f6b-90ce-81bd182a45e8,20대,F,정규직,2025-10-28,False
e56ac845-091e-45e3-8fab-5fc081f32d50,20대,M,정규직,2026-02-12,True
5fcbcd76-6ce6-47d5-99b9-349fcc3c0aa1,50대 이상,M,자영업,2025-10-15,False
af7a8822-50a7-4e8c-966b-3bcc0981d6eb,20대,M,정규직,2024-08-06,True
c3c8d17a-b699-4ed1-af39-b1b764f5a5c6,30대,M,자영업,2025-12-24,True
6f97f4d5-854f-4b61-a60f-6a6b6b331188,30대,M,정규직,2024-05-21,True
bb053959-42b9-4821-b43d-426c8979614e,30대,M,프리랜서,2026-02-18,True
6d0fbaac-8218-4571-840a-0235d9e40438,30대,F,프리랜서,2026-05-21,False
d09fe966-ea68-4325-9138-fad0bb1da373,40대,M,정규직,2025-12-24,True
e552df21-725f-4873-8e41-65b754fdb29d,50대 이상,M,정규직,2024-09-14,False
75b593ea-2ade-4514-b23b-543bab228cb2,20대,M,정규직,2025-01-25,False
9aea13e1-a1b2-4c3a-b9cc-6b4b0f355321,30대,M,프리랜서,2025-08-28,True
500257a5-f184-4e6c-8395-754e47d78ec5,20대,M,정규직,2024-12-09,True
8bbd610d-ce45-4777-9efc-1fd2284d7195,30대,M,비정규직,2024-12-15,True
93783ce6-190d-442a-862c-c57830694976,40대,M,정규직,2025-03-07,True
4109c918-18dd-4e68-a772-b5ef98c1e001,20대,F,자영업,2025-04-11,False
5c403c90-b572-4331-95c5-193542975024,30대,F,비정규직,2026-04-05,True
138a5e58-d995-4a27-8acd-1d1aa137a4a9,50대 이상,F,비정규직,2025-11-19,False
4eb7ad29-cbe3-44b6-8f2c-aaa5ea956cea,20대,F,무직,2025-03-30,True
5339c5b4-3fb0-4be7-b7bd-8c5e6916def3,30대,F,정규직,2026-03-07,True
48ca4600-bd54-4097-8c61-6f4ba0617e90,40대,미상,프리랜서,2025-05-15,False
cae4df29-a79c-459c-afee-25a43a6d8021,20대,F,정규직,2026-03-23,True
a2e4a9a8-9c23-4117-8754-df917cc8d71e,20대,F,비정규직,2024-08-17,False
c8f0df83-9888-42b5-930a-911555e4dc85,20대,F,프리랜서,2026-04-04,True
e53f8b0e-36a0-4dd7-9a2d-8a7f65d09e2c,50대 이상,F,자영업,2026-04-13,False
28c96742-711f-481f-b372-2445427fef50,20대,M,자영업,2024-12-25,False
8cf44286-3acb-4098-94d5-884191023248,20대,M,정규직,2025-12-23,False
cfaf4334-dd63-463c-b444-099afaada58b,20대,M,정규직,2025-08-31,True
284e5283-142c-439f-8b05-95101f901b0a,20대,F,정규직,2025-10-02,False
4602abf7-48f8-4259-a0d1-2e155d312a69,40대,F,비정규직,2025-12-26,True
679aaecf-1159-4394-92e3-876bf43a86b9,20대,M,비정규직,2024-09-08,False
a090823d-9306-438d-bef4-16eb5b5ccc6b,30대,F,정규직,2024-11-08,True
bba11be9-4e7e-4719-b6f8-febc31423d88,30대,F,정규직,2025-12-07,True
3817c1e9-9576-4e3e-a08f-368fdc45a223,50대 이상,F,정규직,2024-11-12,True
37997091-af8b-4908-a112-b0bc9779df09,20대,M,정규직,2024-10-20,True
0f4fda9b-9712-4337-935b-a2424452c44e,50대 이상,M,정규직,2025-03-20,True
a5b83fec-b509-42b6-8027-76c710a76e5a,30대,F,프리랜서,2025-02-14,False
2f8563f1-b6e3-423a-ae71-599469bc8595,20대,F,자영업,2024-04-10,True
1a8b2c53-c95d-4d8f-b60b-352bd3e01395,40대,미상,정규직,2025-06-03,False
98329a14-8dd5-4a39-a59f-f44d4186db41,50대 이상,F,자영업,2025-08-01,True
305ff1b5-deb4-4cbb-850e-a96b5a281c7c,20대,F,프리랜서,2025-03-21,False
ef1e7a78-11f3-43f4-9d1b-738d9f64b241,50대 이상,M,정규직,2024-07-05,False
3affe605-5de5-433a-8601-e3ffe552fb52,30대,M,정규직,2024-10-23,True
ff37a4d7-94f1-4b1d-b5ad-27635bfcce48,30대,M,정규직,2026-04-28,False
66bdd49d-98fd-4834-a47e-7349bd6bd803,50대 이상,F,정규직,2025-05-29,False
ed360f82-48bc-4611-90f2-8c96a049e4f1,30대,F,자영업,2024-09-27,False
c0e3558b-b5a5-4a87-b89a-85428810eb2c,40대,M,무직,2025-12-20,True
59ea5aa3-d6e9-42d6-a9df-0cd31b22f114,20대,F,정규직,2024-02-24,True
dd88548c-e9a8-4386-b880-02bbc158d79a,40대,M,자영업,2024-07-29,False
47c05a3c-0788-41a5-8183-62447c3ef650,30대,M,정규직,2024-06-26,True
44eceea8-da77-49a1-8445-7f39a29ed6f1,20대,M,비정규직,2026-04-22,False
de6f14dc-6291-4d9d-8b04-e80bb83a2c74,30대,M,자영업,2025-02-13,True
26fd192e-29af-47ca-b952-18895779752f,20대,미상,정규직,2025-03-30,False
d00a69c6-29e4-4093-b6e2-906c69260ff5,20대,M,정규직,2025-01-03,True
c2c4788b-e1b2-486d-b188-0ff1b60d0817,20대,F,비정규직,2024-06-23,True
0b00ce40-9547-4de9-b925-91802f1a60db,30대,F,무직,2025-08-29,False
fa676ad5-0c11-4bf4-b325-a0e0459c4a7e,20대,M,정규직,2025-03-25,False
e044a336-4edd-426e-8543-592e781ca343,20대,M,정규직,2024-11-18,False
bb7dd01c-e5dd-4604-9253-337c153f7426,40대,F,정규직,2024-09-15,False
f48d598f-0d92-41d3-a566-61370bda6045,40대,M,비정규직,2024-08-31,True
