account_id,first_warn_month_th35,first_warn_month_th40,first_warn_month_th45
003c0990-97c7-49ff-be62-0785cd8ed279,4.0,4.0,4.0
00bcb114-e045-404d-a5b4-d23fcc068de6,,,
00d82108-ebe7-4fbc-a3e6-f21df497dc3d,4.0,5.0,6.0
013f9a64-580c-4370-b9c1-14ce528706d9,,,
019d6958-97bb-4672-b7a1-db12decb73d7,,,
0320ad2a-1bed-4b32-8e72-a96329d7b444,3.0,3.0,3.0
03618b9e-ee2c-418c-9372-975655fe1c95,3.0,3.0,3.0
03925911-e96e-4e35-8487-8acb97cdce6f,,,
03eeb933-5fad-4777-b249-d56a274b6032,4.0,4.0,4.0
0462449f-3331-4d94-ba75-6febce23306c,3.0,3.0,3.0
05f42960-6838-4c99-b4da-6e76d1beec85,4.0,4.0,5.0
0641a20a-34e6-447e-b994-98a8285cb8e4,4.0,5.0,6.0
06c535d3-98ca-4e4c-a3d3-d86256dde224,3.0,3.0,3.0
06da852b-23f6-4dae-9a19-17f85f5ee152,,,
06fa99ef-5f40-48bc-b1cb-cac3809efa44,4.0,5.0,7.0
071d014e-7b66-49cc-8db0-8b452ec8387b,4.0,6.0,7.0
075336a1-85c6-4ac7-bd62-f091a3d4f4fa,3.0,3.0,3.0
07bbc8a7-577f-44e2-bacf-aba7588630be,3.0,3.0,3.0
07eb577b-9801-4800-8fdb-3e8af5c0b75d,5.0,5.0,7.0
07f9b362-a4e9-4878-833c-b3a0644462e3,,,
0809b7f9-fa50-4eb5-98fb-e9c5fd41c070,7.0,7.0,9.0
0816c855-17ec-4409-89f4-5de0eaaca5dc,,,
08337364-8b2a-49dc-8966-46ee65d22ba2,3.0,3.0,3.0
087a0ea4-0ee8-49e5-af16-a92d46c09bae,4.0,5.0,6.0
088a0795-a2a8-45c5-aa50-878294fa243b,,,
08a1a9b5-216a-427a-8afe-3c8d2b01c129,3.0,3.0,3.0
08f9afe3-911c-4c7a-9697-a50e84b55d42,3.0,3.0,3.0
09049eb6-f695-41a6-af2f-f23ecb67a329,3.0,3.0,3.0
090b1cfd-4f78-44b9-b281-9d9ca74786a1,3.0,3.0,3.0
0913c783-ce77-4421-88c4-4102001d4197,4.0,4.0,4.0
094f94c6-852e-4a99-b820-145d82ed5811,,,
096391c0-27b0-4bfe-a7fd-67a30a6830c5,4.0,4.0,4.0
098ef37e-c5ec-4db2-b94b-44fcee17a73b,5.0,5.0,5.0
09fd1123-0e21-496b-aabb-a55d43886068,,,
0aa0966b-e566-4e90-8fd2-58e7060e59c3,4.0,5.0,6.0
0ac0afe2-564a-4c05-8021-515b5973f0df,3.0,3.0,3.0
0ad240de-3be1-4184-a9e7-847ae8e2b04a,4.0,4.0,6.0
0b43845b-909c-4d91-b1fe-53eacfe17836,5.0,6.0,8.0
0b5b312d-c307-4274-afa8-2579cc3eb1b6,,,
0befc5fa-29bc-4ce2-8857-2855b13c9d13,5.0,7.0,7.0
0c362bf2-d50e-487d-a333-ecfc38a98c39,,,
0c3a60ad-0e32-4d71-9d5a-23bc4b691375,4.0,4.0,7.0
0c6e36a3-27b6-4ceb-89f4-5ac055838b67,3.0,3.0,3.0
0c6fd26c-b2ec-49c0-a2ce-63125ceec288,,,
0c822f5a-133b-4e9f-b1f3-30b653ab4aad,6.0,6.0,6.0
0c8e7aad-410d-4536-91aa-ecf7110b03e2,10.0,10.0,10.0
0c9c0383-5c16-4710-9019-ecf687d47b3a,,,
0d186c4f-ae41-4c08-bc1e-c1aafa18977a,5.0,5.0,5.0
0d2599fd-d94f-40f1-81e7-b6d5a7793a92,4.0,4.0,4.0
0d89f4b6-5f38-409e-8f91-4e118fac089e,4.0,4.0,5.0
0db23c70-f45a-439b-832c-0b1fcd0d2315,,,
0df5a2c9-e902-432e-82f2-ade2276898de,3.0,3.0,3.0
0dffd001-4b0a-446b-82ef-fc920a45639d,,,
0eedce32-1341-41db-96d5-7f7c5a388493,3.0,3.0,3.0
0ef07878-4974-4f14-abb8-c54126b3cc92,,,
0ef5ecc7-210d-435f-bfdf-70b61e25ca2a,4.0,6.0,7.0
0f022498-7827-48b9-9672-d1fa667ee8b0,3.0,3.0,3.0
0fddabb4-9cbc-4b0e-b125-2e5357c9562b,8.0,11.0,
0febd529-131a-40e7-8ff4-7649468cf64e,10.0,10.0,10.0
1056b7d4-62c9-4563-a677-5a6d812c145a,5.0,6.0,7.0
1094face-5aa4-43fa-a462-4e3e72ad615e,4.0,5.0,6.0
10b4aaf8-00c2-4509-9162-3f858f859bd5,,,
1108da1b-c63d-46b3-9398-3821a8685c5b,8.0,8.0,8.0
1154c53b-c781-4440-8562-9bb9880b68a1,3.0,3.0,3.0
125e8641-e71c-478a-a9e4-8436e297d489,4.0,6.0,7.0
1344f711-6c58-4234-8b6e-94f33ad875ab,7.0,7.0,7.0
136e763b-e03d-4b11-813b-384d37d65547,4.0,4.0,4.0
14594170-ef22-4f80-88aa-6940be09d12d,,,
1467109d-cad7-404f-937a-5eda934dff5d,11.0,11.0,11.0
14a8dbb7-3c54-4052-9e8b-a13e67b061d8,12.0,12.0,12.0
15053e04-3839-46af-a07f-33112b772adf,,,
1518190c-3000-43f3-a1ab-d441ba424958,5.0,5.0,5.0
16a01beb-be82-4f4d-b7e1-1d39acbdf9a1,5.0,5.0,5.0
175522da-2249-4887-97bb-39c761069c63,3.0,3.0,3.0
1774b08d-210d-4ffb-9689-4d05fed53e40,3.0,3.0,3.0
17a9ae37-3408-4eda-83ef-55385748b63b,3.0,3.0,3.0
17dcfe1b-8fb2-437c-a05f-61c3e2d07697,7.0,7.0,7.0
17efe62c-12b2-4e7c-91d0-f2e0ff771be2,3.0,3.0,3.0
185a9028-8a8d-40d5-9c6e-5dbc67aa65cd,,,
1870afda-762e-479f-a3e6-2e4976e4d1d2,6.0,6.0,6.0
18e412f4-6254-4018-8ba5-0c640a720120,,,
18ff9edd-b96b-4b55-968e-c43fc2e4482a,6.0,7.0,8.0
191f25ef-dfff-4e55-9cf3-58adda9868fb,3.0,3.0,3.0
19839277-8562-41bd-938c-063962f0a922,4.0,5.0,5.0
19e30ff0-d649-4916-ad96-781307cc22ef,4.0,4.0,4.0
1a34f546-473f-45f4-84a2-0c5a80efb0b8,4.0,5.0,5.0
1a56f0b6-796a-4c42-b75a-0be1bab8af3a,11.0,11.0,11.0
1a7a339b-4b30-456a-9ef3-bffaa21e5ca1,3.0,3.0,3.0
1a7ce509-3aca-49f1-b921-5f1fffcc074e,3.0,3.0,3.0
1aacea58-9e7b-4c29-97f2-82c085b25a68,3.0,3.0,3.0
1af153fb-5b25-41b0-80d0-94c2d2b76284,5.0,7.0,9.0
1b086871-d9ee-4d70-8559-9d478340affe,5.0,5.0,6.0
1bc08d29-7614-4792-aca3-a5cfca8c3fd6,,,
1bc32a15-c877-4a3b-8cbe-b49af93e0261,5.0,6.0,7.0
1be3176c-fe22-42e7-80f9-756f5616eac8,7.0,7.0,7.0
1c0cd857-2ef2-4a95-87ad-878f79a88fbc,4.0,4.0,8.0
1c4a1d39-3804-4349-9d75-f0c4a8c3b467,5.0,5.0,7.0
1ca37da2-7be3-42b1-86bb-75e607ae3b7c,,,
1cad67e0-44ff-4006-927f-c7e3def77700,,,
1d258e4c-2fdd-4aaa-beaa-132dc0fc6049,3.0,3.0,3.0
1d71335d-45d9-42ee-93d5-b4bd8fd20930,3.0,3.0,3.0
1dc4ef07-28b2-489d-b8da-4c14b923c887,3.0,3.0,3.0
1dcb55d6-7350-4216-af4c-aa39d51931d8,5.0,6.0,7.0
1e3a1a75-a747-4ca6-97d0-60092584c9ab,,,
1e4a7a71-2fcf-455b-922f-32445c48bdbd,6.0,6.0,6.0
1eca9724-f684-451c-9b32-c7c8ff46827a,4.0,4.0,4.0
1eed46b2-fadc-4d14-8ada-c6bfaf76beb0,4.0,5.0,5.0
1f7c87a8-51e2-4c3e-9853-64e3e0cbc15d,4.0,4.0,4.0
1fd43fde-ea6d-4c6f-bee9-21401520b3a3,,,
1fec077e-3786-493a-81a5-fd4b6d9600a8,,,
2058c198-d418-4abd-a85f-b1f7721f94dc,,,
20cdbd59-2129-4ddf-ae32-1328fd548974,3.0,3.0,3.0
20e8e637-6aee-49cf-a358-4a15f82d1e76,,,
21a0043e-ad05-4801-be9d-9bba069cb0f2,,,
21bee530-fa84-4b4d-9f53-c14b7b77eb56,4.0,5.0,6.0
21c1bc56-09db-4f65-932a-e429f1758f22,,,
220b8346-1186-4643-9f0b-e4d1208448b0,7.0,7.0,7.0
2255b123-9f9a-46b4-bcbb-88b0da12a104,,,
225868ef-20f4-4aed-868c-41d4f7c9f1aa,3.0,3.0,3.0
22966b13-679a-46c8-a463-088c3650be75,5.0,6.0,6.0
22feb038-7ff3-48ea-8b3c-08798778052f,3.0,3.0,3.0
23375f72-2e37-4dbd-81c2-559bcc6bd611,,,
23c07c4e-e767-4831-83c4-bc1727c3d030,,,
23d9398c-688b-4332-a906-4bcc7ae1120a,5.0,6.0,8.0
23ed0dec-f3c5-4590-a37b-09962dae388a,3.0,3.0,3.0
2413831b-7599-4bc5-9237-8f7e92932dfe,7.0,9.0,9.0
244aea99-3d90-4af3-b105-3230aab8081f,3.0,3.0,3.0
2464ae84-13f8-4bc8-8145-4dbca3141391,3.0,3.0,3.0
24c3b0b2-e4d4-4f9b-a26f-0b64381c0a6a,,,
2552857b-a5f0-4450-bca7-10440e83f3ca,,,
258e847f-3c3f-485f-b8d9-381ab8bd8af4,4.0,5.0,6.0
25a848a9-7740-4a46-b999-0ba17238b3f3,5.0,5.0,5.0
25d71baf-21fc-4386-af42-1730316e1a57,5.0,5.0,5.0
260cd602-c361-4cc4-a596-2c0ea8652c91,4.0,4.0,4.0
26c95841-2be3-4c08-9dfd-0dca9909561a,,,
26e3e8d1-6c01-42cc-97e2-d26d9c62bbe2,8.0,8.0,8.0
277388fe-1524-4e31-9a8d-0d904f350925,4.0,4.0,5.0
27ad26d0-514f-4399-a80d-c5b6d6b9a9f9,,,
281f9ef8-1a78-4367-a00b-c765c2186097,,,
2844990a-2afe-48f6-9526-3055acdbaf80,,,
288b1914-13e0-4d0f-a02c-c93218514c06,,,
2891eb26-92c3-4f59-93b5-19380a65520c,4.0,4.0,4.0
289ade07-b2f0-4825-aca1-15459cb5263d,4.0,4.0,4.0
293ce9b5-7fa2-42c9-9fa9-93b9dc8ded9d,,,
2972fff1-726b-413b-86e2-8c628f5d9b75,4.0,6.0,6.0
29dc4efd-69bd-46e2-826b-bf01d379a6f2,3.0,3.0,3.0
2a7e59c9-9b6b-4efa-9a17-134a4b5d704c,3.0,3.0,3.0
2afa22ef-d07b-4b60-8759-b39c2c3fe41a,4.0,4.0,4.0
2b17fb5c-e62e-4d4b-accc-7cf4b95bec29,6.0,8.0,9.0
2b1e608d-ad87-44dd-bf1a-4f274a53ecea,,,
2b4b33fc-fcb2-4d5d-a76e-9cac9eb943d5,,,
2b8e401e-791a-422e-9397-f562b568c5a9,3.0,3.0,3.0
2b967f0d-a201-475b-ac63-877ff97ca908,7.0,9.0,10.0
2c37a66c-7113-4974-b0ad-182e95b37bdf,3.0,3.0,3.0
2c4fc295-d31e-4f39-afd4-f6202ac8bf49,,,
2c5d8cb5-b597-4505-9c82-a2b386d9e599,6.0,7.0,8.0
2c9fd594-6eae-41b0-b94e-90dc63ec2ca8,4.0,6.0,6.0
2d9985d8-a36b-4be3-a981-eea9a9027911,3.0,3.0,3.0
2e9be6be-8627-463e-87f1-f2a7886b2fd5,3.0,3.0,3.0
2ea40e8b-b5ea-422c-8267-7953b316c286,7.0,7.0,7.0
2fa2b27f-610a-46e0-ba88-64f0f2928518,3.0,3.0,3.0
2faed27d-c1f2-4ba8-96a1-4db7b917c5f0,3.0,3.0,3.0
3034782d-9ea3-46f9-bcae-a3af8e14654d,3.0,3.0,3.0
304a250f-a0ff-42b4-ad55-e713bc0b6f65,,,
3050991f-0bf4-47ad-bede-18133498fbb0,10.0,10.0,10.0
30d37193-8501-4ce8-95a8-c3c5fef8ba80,,,
319338aa-3114-446f-960b-216d920deeed,5.0,5.0,5.0
31d097bc-daf0-4b4c-834d-d577aa346680,3.0,3.0,3.0
31fe12d8-75ef-4384-a8a8-11c8a3e3b8ee,4.0,5.0,5.0
3214f31d-7820-44f5-994f-0b4f84ad4a9b,5.0,6.0,8.0
3238c7ea-dc43-4838-9696-4b298d954bfb,4.0,4.0,4.0
323e1830-b7e4-492a-b79c-0cbdbbf725ad,3.0,3.0,3.0
32408476-599a-4583-8f2e-5cdfb6c3b349,3.0,3.0,3.0
32b7ab66-2c60-456b-9e6e-e31636e63d4c,,,
32f44e1d-c5f5-486b-9bce-4af5b698d477,3.0,3.0,3.0
32f6bff4-b9b1-4936-88c4-38939f686bd6,8.0,8.0,8.0
34116726-907f-46bc-9f08-574aa1bf1a5f,7.0,8.0,8.0
3460c3a6-297a-4635-a4fa-7759a0bb16f1,3.0,3.0,3.0
34ab7d63-63e3-4ace-b092-c5896cf35b3f,3.0,3.0,3.0
34b7c62e-baef-419d-8b48-e9ee6ad09825,3.0,3.0,3.0
34e3a08a-82e4-43f8-be66-c7036c083ccc,3.0,3.0,3.0
35301213-1119-45a7-802c-cbbf029bab89,4.0,4.0,4.0
3546bb21-1fb8-492e-b4a1-974b41e2acd8,,,
35eb9881-f996-498c-9f33-37f29b9c4d88,10.0,10.0,10.0
36042b07-b1ff-406a-9111-2917c0079e68,4.0,7.0,8.0
366927da-6e68-4655-bd41-10dce4f5c3cf,3.0,3.0,3.0
370151a8-32e0-43d2-ba04-30b18ec58c2b,3.0,3.0,3.0
3739db8d-ee1f-4353-ad7e-6b2a5f7c4ca0,8.0,8.0,8.0
378e6549-49e4-4c97-a26b-628c92a43742,,,
37a5c617-f54f-48e4-8286-243eb8cfcf61,4.0,5.0,5.0
37c31c31-b81c-425c-a284-e5d91bcf8b95,4.0,5.0,6.0
382e30be-dbf6-426e-a1f3-fad5ee0ab294,4.0,4.0,6.0
390b42ce-f5b3-473b-8302-5e20c5ac6749,3.0,3.0,3.0
391e102d-e4da-46bb-b077-fcbe6cda6ba9,5.0,5.0,5.0
3920404b-7559-4d74-9abc-f10c4bce413c,3.0,3.0,3.0
3975f6a0-81be-4894-8273-ef16b21d44e3,,,
399ea52e-8fcf-46b6-8af9-47f45576611f,4.0,4.0,4.0
39afa026-a4df-4bd0-af58-c17d9018c1ad,3.0,3.0,3.0
39e72386-6409-4a19-9bd5-644796d14bc3,4.0,5.0,5.0
39eb20c1-e8ae-461e-be52-091ab213bdfa,3.0,3.0,3.0
3a0428ec-56a0-4034-87a4-e9d121eca968,3.0,3.0,3.0
3a7340f6-4db2-4d2c-b0d1-7087d60cc2e6,,,
3a74429b-d09d-4091-8848-283831814759,4.0,4.0,7.0
3aa8627c-3e17-476d-9f73-58abb02c7e6b,7.0,9.0,11.0
3ac84231-0f1f-4fbf-989a-368f415014ba,6.0,7.0,9.0
3b10baaa-5087-46dd-960f-b26376eef7fd,3.0,3.0,3.0
3c1b5997-3586-4f8b-9eeb-4ce99bbf1410,3.0,3.0,3.0
3c5c812a-8f99-486f-bfad-5e3a661ba473,,,
3cb71736-4e1a-475b-a305-463fbbb0bf6b,7.0,9.0,10.0
3cf3a38c-21b1-4091-b106-ddde97173daa,3.0,3.0,3.0
3d0ddfe6-2d6f-4dfc-b278-3a98d77630de,,,
3e3220d4-d28b-484a-a894-32efe559317c,3.0,3.0,3.0
3eb42b15-8ab8-49c3-af04-d5825d8dfc1a,4.0,4.0,4.0
3f803100-acc2-4ff8-acc4-b62eeacd2f83,3.0,3.0,3.0
3fa7d0f1-2757-4e41-a7a9-0acaac07a577,5.0,5.0,5.0
3fc4f25c-d3e4-4b5e-a165-2aae659a3ee6,,,
406cde54-7c81-467a-bcef-7e69afab8520,3.0,3.0,3.0
4090fc62-d545-4ce9-a676-f3df713bc64e,,,
40df2e05-5852-4777-acd3-8b39276051a5,3.0,3.0,3.0
4119d3d7-7b06-4965-8885-5bdcb52ec5b9,3.0,3.0,3.0
41499ad2-3a0d-459d-a3cb-ff952a359dfa,3.0,3.0,3.0
41564e66-4035-4e27-ad4e-9032dbf8e844,4.0,4.0,4.0
415c5057-8a1c-473a-bdaa-1cee52c149d4,6.0,6.0,6.0
42f34c7f-07eb-4361-b94c-3e07beb5ecbe,,,
43776923-388e-422b-8e3f-9df859d9bb3b,3.0,3.0,3.0
446bcb79-bde3-410c-b4b7-6f97a91f77a1,5.0,5.0,5.0
446e7135-7c0d-40f3-9a06-9e0bc7d4eef1,,,
44a9f166-56db-4800-8090-59f5ccb3b20c,3.0,3.0,3.0
44bccd62-7567-4b72-b367-4431e3f31bd7,5.0,5.0,6.0
45a64f78-40c2-40c5-a664-db48ef681e01,,,
465f66b7-879e-473f-b5f8-5261cb945aa0,,,
46794377-1fae-46e5-b077-8803656e4f9d,4.0,5.0,6.0
46eeae7d-db35-4aa8-bc83-4e0e96db4b62,,,
477eb317-b202-415b-b445-2da6c3df014f,5.0,6.0,8.0
47a8d6e0-e548-4da0-96f3-34f76e165b8a,,,
47be841f-1ef3-48e9-ab4b-a4343a239989,12.0,12.0,12.0
4833f3b2-7c10-42be-ab3e-f53d68846e03,3.0,3.0,3.0
4901472a-be8d-4d4e-981d-4f3a847f8b35,4.0,5.0,6.0
49f342f7-0947-4dbe-8aa0-95b17c98fcab,4.0,4.0,4.0
4a4d9184-4d2c-4a47-9230-17a498510c9b,3.0,3.0,3.0
4a6227f3-6324-4121-9c3e-1be48b0a8ef2,3.0,3.0,3.0
4abf4b51-4062-4fb3-8e46-5a3550fd9044,,,
4b5875d5-53ab-4386-9f1f-1049448e0874,8.0,8.0,8.0
4b5aed64-cbc5-4c5d-8b6c-0ca763124797,3.0,3.0,3.0
4c10653f-05e4-45e2-8f5d-c2aac2d8fd3f,4.0,5.0,6.0
4c8e2fca-fa4e-43f0-9519-6ebc7e0e5fbc,3.0,3.0,3.0
4d22bd73-913d-4bff-98ae-a1123807dd3b,7.0,7.0,7.0
4d76d66e-ce2d-49e7-96c5-f8e729ccc8c0,4.0,4.0,6.0
4dae08d3-2b8f-4828-830c-e44eda023005,3.0,3.0,3.0
4db02575-0910-476d-9632-aeae01781708,,,
4dfa01fd-2771-4250-a418-ef4d48135c5d,,,
4e0e113e-ad04-4e07-a97f-030ff0766d23,5.0,5.0,6.0
4e5623bd-21e7-4043-bb43-2568524a59d3,4.0,4.0,4.0
4e9c48c5-09fb-415d-be0a-a85154d7451e,5.0,6.0,7.0
4f3a77f3-6e59-4655-b38c-af307b7a0744,6.0,7.0,8.0
4f48a283-fe47-414b-990b-a5ec0d30524c,4.0,4.0,4.0
4f9475f7-f072-47a5-847b-f025c32ebe8e,12.0,12.0,12.0
5008f390-d124-44d3-8f09-834dc002318f,4.0,5.0,6.0
50a9eb1d-375c-42b6-99cf-62c710678d8c,10.0,10.0,10.0
50b582ff-8e95-4a34-a8ae-50aeff5a6943,4.0,5.0,6.0
514c1cc8-c353-4508-8647-3144904c8ab4,,,
516ae0db-f9f9-4139-a974-d2a6b613971e,3.0,3.0,3.0
51b876e0-d594-46fd-8b7c-66ccc548415a,4.0,4.0,5.0
52bf87cd-627c-496d-8745-553817b27de2,5.0,6.0,7.0
52c4f8e0-e9f5-4ec9-9c83-55a514965ecc,3.0,3.0,3.0
5314caed-be2b-4b80-9574-1ad008ed312a,,,
53837ecf-4274-46bb-8b6f-e391ab7a55ef,3.0,3.0,3.0
538e53ae-2136-4770-a24d-be32518669af,,,
53927f6a-bf82-4655-ba78-c392fec8d170,6.0,7.0,7.0
542f13e9-856f-40e3-b8a5-4a90a33e61b5,6.0,6.0,6.0
54b39c61-d5ab-4714-8016-8d44022bb9fe,,,
5516d4ff-9773-4411-9d05-6162d6770444,,,
551ed2c3-1b98-4ea5-8278-ecc395489778,,,
55340ef2-a3b7-46ac-9d97-a0ba70009cc8,3.0,3.0,3.0
55aeb070-e775-4ca5-9948-f399c1d33a62,11.0,11.0,11.0
567c8b81-36dd-4fe1-b478-68f7128a1cdd,,,
56c58648-752c-44a6-8e6b-fd8d1e8619f7,,,
57540ff6-660e-4b6f-ad57-52ce71229220,3.0,3.0,3.0
579b792d-8ada-4f43-9adf-989d198b1a50,5.0,7.0,8.0
583fd903-be12-4871-8655-aef29e63e6d1,3.0,3.0,3.0
590ae58c-b7e2-409c-8817-448aade755ac,,,
5949cdaf-eac4-46c6-8464-8400e4d52d8f,3.0,3.0,3.0
5994df1a-eefd-4f1c-8de1-20624f081deb,3.0,3.0,3.0
59de1c95-aacd-43b2-8e47-5ba996a97025,3.0,3.0,3.0
59ebe50c-ad44-437b-86a4-399605c4af91,5.0,5.0,5.0
5aa8724d-eb5b-4054-9233-eae5fdcc4312,3.0,3.0,3.0
5c5c183d-bc7f-46f0-a88e-e07183a004b9,,,
5c6e855d-3c4b-43a8-b6a1-37485bf2f2b6,11.0,11.0,11.0
5ccc0d83-dade-4a47-88df-8e2b08a7b5f1,6.0,6.0,6.0
5cea3c97-3815-4fee-ac7c-c2a6f693c84e,6.0,7.0,9.0
5d3fc9ec-014c-407b-b0ed-e792a0499c42,4.0,4.0,5.0
5d508c32-bab7-4f8f-872e-32fd9480d510,,,
5e39f363-bdeb-4f13-ae02-5246ddda6cff,7.0,7.0,7.0
5ef75e0f-b160-4378-a564-7aa758dc604e,,,
5f329d9c-9681-4e90-9282-ae8c32309cf5,4.0,5.0,6.0
5fb1592a-7a82-4127-8b4c-ab776a7888ce,,,
5fdac65f-ff9e-4abb-8dfb-37e2b26ba270,9.0,9.0,9.0
607f16fd-52ab-4bf9-a2de-2e2715b6336f,3.0,3.0,3.0
60bae007-159d-4c74-9df7-edd1b828bb0e,,,
615e25db-0025-43e1-9487-738f7ef61dc3,,,
6287a5b9-3e6b-49ed-b016-80ef23918148,3.0,3.0,3.0
62ac58da-7fd2-47fb-92b5-4aab3fec0d54,4.0,5.0,6.0
62b80904-9064-4043-96b5-5fc60565e469,,,
62df8486-7485-499c-bbab-39c11d2b2313,3.0,3.0,3.0
63c4777b-6db9-434d-a99b-890f3e82af99,,,
6426f537-f77c-4b03-8f45-c61a34b44074,5.0,5.0,6.0
647f019e-310d-45fa-a94e-fb5999f406b5,9.0,9.0,9.0
649cbeef-2129-4bde-b507-9ff45731cdca,,,
64fb0333-3201-4e64-8178-1bbc4dba5a42,3.0,3.0,3.0
6578fcaf-b6fe-4c1d-81d0-c4907a9461a9,3.0,3.0,3.0
65a2b553-04c9-4c60-bad2-b641e87f438e,4.0,6.0,6.0
667aa284-d742-4aae-89ca-55e656757ff8,,,
66e20e35-3fe4-4b22-8b5a-b823cafe9b8e,4.0,6.0,7.0
6770b7aa-6665-4bee-aa33-62c89bf944dd,4.0,5.0,5.0
679d56d2-32ee-4a5f-8d86-b57d5529a977,4.0,4.0,4.0
67b4244d-fc3e-4266-abb8-bd5a23b43b9f,6.0,7.0,10.0
68eb7ad6-7544-4c51-896d-9365f4a79733,,,
694d635b-f8a6-4ca3-b55d-316af4d98abd,4.0,4.0,4.0
694ebedd-4dc4-4d42-a48b-38bd827f1bbf,6.0,7.0,7.0
6987a5d7-97f8-4ac9-b5b6-1195f420c30d,4.0,4.0,4.0
69bec078-3824-4d98-962f-cd86c9d1e960,,,
6abdc0ac-a452-42de-9583-962747c62d0e,,,
6aee5b86-8f08-44ce-a24d-db2d20472944,,,
6b164710-2129-4cbe-b253-b6c550ff1f5b,3.0,3.0,3.0
6b1a911c-97d3-4d39-847d-cb8c60de6940,,,
6b71c0aa-7be9-4db3-965a-db3f35a96e9c,,,
6b7200d0-4753-44d9-b1eb-bbb91d1b07ec,4.0,4.0,5.0
6b938618-303e-455e-86cc-24d36b5f7475,10.0,11.0,12.0
6bd19b18-17b5-4972-bfeb-d196ec221ca3,3.0,3.0,3.0
6cbd6d17-17ab-477b-9a22-032e729f8b45,5.0,6.0,7.0
6d7a9fb5-ff6d-4382-a60e-6b0e455e0870,3.0,3.0,3.0
6dd009bd-e70d-47d3-964d-71618fe030f3,,,
6de603d8-d836-4bbc-be76-f0120f63834f,6.0,7.0,8.0
6ea30ff4-00f1-4343-9942-96166b1461e8,3.0,3.0,3.0
6f14c493-775e-49c9-b0ff-93ccd3cae374,,,
6f3ff4e3-fa06-4de8-b034-8d5c31c359c2,,,
6f65efd0-0ce0-4ea9-bbef-3a839281d41b,4.0,4.0,5.0
6f6c53b1-1678-47f8-885c-96c025bbf1df,5.0,5.0,6.0
6fb0cca6-bbfa-42e4-96d4-f239856375f5,3.0,3.0,3.0
6fef7351-cac2-4de5-b22e-786f4c26ec09,7.0,8.0,9.0
700df212-608c-44f7-ac9e-ed8d49ca4df8,3.0,3.0,3.0
701ebf96-9931-4e29-b2d4-6d4ba0e147f9,10.0,10.0,10.0
70473ad2-0c67-41bc-b27b-258ce4d71123,5.0,7.0,8.0
706dfdbb-bfea-4545-ae7f-8444a99ec488,4.0,6.0,6.0
70dcfd01-a39c-4665-9e6f-03de1b53d0e3,3.0,3.0,3.0
70def817-4908-4152-8705-3f4c66ad6cb1,4.0,6.0,6.0
71855253-e31c-4c08-af30-c4f44e01aa4d,7.0,7.0,7.0
7197f5b1-75b6-466a-a589-88b8270cb0f2,7.0,8.0,9.0
725e040e-067f-4fb9-b468-089ebde09315,5.0,5.0,5.0
7284fae8-5a81-48c4-828f-69e98fd10a25,3.0,3.0,3.0
739e394d-87f7-42ff-bd2a-e49ad6d7b309,3.0,3.0,3.0
73bb2dea-8f15-426c-aded-628a4d341ca3,4.0,4.0,4.0
7408420f-490e-4af3-8bcb-540865bfd516,,,
742caa69-ce93-4b3a-ae00-aeb886080482,3.0,3.0,3.0
74561373-0e2d-4a98-9f6a-72400bef3139,,,
7468798f-4415-4ef5-8d07-4769a9740f4b,5.0,6.0,7.0
7475b3df-a6b0-4fab-a3da-2bd1ccb89996,4.0,5.0,6.0
74b1cd26-fb38-418e-8bbf-690a7208ebd0,3.0,3.0,3.0
751a12da-387c-414e-8300-a9755a16046e,4.0,5.0,6.0
7590d64d-3452-4602-aef6-d366add2f7cb,3.0,3.0,3.0
75941cdf-587a-425e-8a77-ad07c3171be6,,,
75b98595-b0d1-4040-abc8-bb83b428e7fb,,,
760771e3-2917-409c-a9ee-4d79b060ac70,10.0,10.0,10.0
768967c6-b1d9-496a-8154-bf4fcbf98f95,4.0,6.0,6.0
76d9ac27-eaa5-4c5c-ba7a-22dc79ec460c,3.0,3.0,3.0
7718955c-4143-4f50-ad34-725adf7fd126,5.0,8.0,9.0
77189cef-3f35-46d1-825d-86ab89db6582,,,
7754aa5f-8539-43b5-8316-b3f8ac4266a5,3.0,3.0,3.0
775c1800-5b82-4d10-acad-87fdbe4a2554,6.0,7.0,8.0
77e3f283-b6f3-4b5d-88be-dc63da122a28,3.0,3.0,3.0
78411ca6-c116-4a15-9d72-a79a9f274fee,,,
78c79e24-0392-4faa-a437-3ae39c977efe,5.0,6.0,7.0
79496157-6660-462f-b2fe-ecc7953a1bd7,4.0,5.0,6.0
79b40b38-fcc9-47a5-903c-6e44eb0abd14,6.0,6.0,7.0
79dcfa28-c4c6-4585-bf6c-41c41dd61cde,3.0,3.0,3.0
7a8a9110-6e8c-4bb2-b9f6-2e55750c80f8,4.0,5.0,5.0
7ab171b2-84df-4884-83d5-af71ec401393,,,
7ab66b0a-7d02-47d4-9adb-9141e72d0c30,,,
7ac5db60-34ad-41ff-a447-eb56511617c4,,,
7b5cf607-3031-4fcd-9471-7ea106e0ce35,4.0,5.0,5.0
7b65e3b6-4ae9-4821-a64b-5fdd8b1e2a9a,3.0,3.0,3.0
7b6b1927-8791-4951-9a4c-77325fb09b0d,6.0,7.0,9.0
7c8115dd-a189-4ad0-a5b0-5b47f87af20a,5.0,6.0,7.0
7cbb90f7-9f7a-4ca4-aba8-b379e9a4ccfa,4.0,4.0,4.0
7d1b0df4-23af-481b-b17f-91614b7cb590,5.0,6.0,7.0
7d468b79-9b56-4001-90b6-d6e3ed4df40a,7.0,7.0,
7d5acc2e-843b-45c1-a729-5a9197d878bf,,,
7d9a5570-7bcf-45f5-9134-2f6a28b434de,,,
7dd2e8d3-4564-45fb-89f0-feb6f411fbf1,,,
7dede2c2-0b78-4996-8692-25bbf0166b3f,5.0,6.0,7.0
7e559b91-6bbb-4075-8a44-df46e58e3742,6.0,7.0,7.0
7ed8dd22-1956-4a76-ad36-6a3bfbdf655e,,,
7f123156-a71f-4876-8155-d5d840b9ae0c,,,
7f9ed24e-9adb-40d3-9415-8462b112e9d9,3.0,3.0,3.0
7fc532c4-dc81-459d-a242-b9baf498c27c,4.0,4.0,4.0
7ff6e83e-40f1-4ab3-9b59-519bda7603bf,,,
80447a63-b90c-4e74-bef8-f9ae12484b2a,3.0,3.0,3.0
8083b268-9999-45d2-9df7-bc98adf479a1,3.0,3.0,3.0
80cab7db-37d6-4900-9a3c-fcc7a5b17f26,4.0,6.0,7.0
810dd5b7-9d20-4e1c-9fd3-082a6222918e,,,
8159d4ab-5c9e-4ffe-9a46-b653c1a19386,3.0,3.0,3.0
81860025-52e8-430a-adf1-11615d133e45,,,
82467a1e-3985-418d-9c17-6953143fdfb8,,,
82ec58c5-06b6-401e-87d5-1f052ffe63a0,3.0,3.0,3.0
83550aaa-e42c-47da-b529-4ea1d95504ce,,,
8367edb0-f81d-41d4-b596-25b283ac205c,3.0,3.0,3.0
83a833d3-64a9-4a91-8d06-9fea9474bdc7,5.0,5.0,6.0
83fb1aa9-e1c1-4854-83a8-b52df3726e70,4.0,5.0,6.0
84259a9d-6e3a-4121-80b8-9b32db52d194,6.0,6.0,6.0
84c073f4-d508-4bf3-9a3d-93d03daba56f,,,
84d4f44b-b406-4adc-b35e-37a017870ed2,3.0,3.0,3.0
84e1ab4b-13df-4603-9278-5b4c47983245,6.0,7.0,9.0
84ed6b57-bb1d-415f-8407-d86d23868ef0,,,
85012893-31b5-4504-8569-f13e57df9ff5,4.0,5.0,6.0
852c6878-cd67-47fa-a5eb-7831613f1039,3.0,3.0,3.0
859e68e8-9497-45c6-8cdc-beb8ccfc7b95,4.0,4.0,4.0
85b53189-4646-49c8-8c49-39f2ef059bf4,5.0,5.0,5.0
85bdeb69-cbbc-4989-a834-c4ec93396620,4.0,5.0,6.0
86674f6c-c88f-4ff1-9a8d-294c2959b14c,,,
868eba12-bd67-4f55-922a-17748a956241,,,
86bbf107-45cf-4d64-bd64-e3afd8816dd3,,,
86e701d2-f268-4a54-bcf6-6ca179542f6c,9.0,9.0,9.0
874e9268-7b23-4c2b-87ac-d958897d9263,10.0,10.0,
88119748-0ae4-4577-bfd3-b7c9dff8c5d2,4.0,5.0,5.0
88254379-0ff2-4861-8e95-13cb555d3fb2,5.0,5.0,5.0
889568cf-5199-489a-9a6d-8ee789225134,,,
88e87c71-2d34-492f-b691-64b7c9e1a41a,3.0,3.0,3.0
8a3fc244-3840-432c-b53c-4828178215f9,9.0,9.0,9.0
8a8a9578-5b04-4754-9196-0deaf4b3915f,4.0,5.0,6.0
8aabe784-0d39-479c-9833-32056b85d53c,6.0,7.0,10.0
8b57fa10-3bef-4ef9-a9bb-2b2ed31de677,3.0,3.0,3.0
8c57f905-8c87-4805-8f35-9bfe64556de1,3.0,3.0,3.0
8c66ddb1-6c1e-45d4-af42-57de9e405afa,6.0,6.0,6.0
8c80afc8-3133-4a1d-89bf-afa1519c85a6,4.0,4.0,5.0
8cad464b-93d6-42de-aacc-f83bbbcd0920,3.0,3.0,3.0
8cbe10d0-fe48-421f-a922-2d01fa048b19,,,
8cd60f3c-dea6-4568-80dd-106fe4c91635,,,
8cf412f6-fe96-4d57-aa15-cc106a8ff8f2,4.0,5.0,7.0
8cfbea8b-6df7-44e7-863d-1aa16e210244,,,
8d117eb1-69a6-4be9-8e07-d4ee5e285250,3.0,3.0,3.0
8d2762f1-36ec-4077-8617-fb0b9c12abf5,,,
8e429586-a3e0-4803-a60c-837667c4a152,4.0,4.0,4.0
8e6fecb8-505a-4aaa-9c37-261e38902169,,,
8e8ab7a9-447c-4cdc-9e87-374c9e01f181,,,
8ec37ffb-42f3-4c70-a090-ff074bf4df3e,5.0,7.0,8.0
8edbd604-9ba3-4b9b-8cca-9472cd2335a3,,,
8f44cfcb-1791-4f30-bfb7-cc93859a7382,4.0,5.0,6.0
8fa4c57e-e35b-48ae-b211-5b4fa69fc00f,4.0,6.0,7.0
8fd8f6aa-4af9-4ae0-a920-dc42bac30399,3.0,3.0,3.0
8fdb5a85-ded1-4477-a10b-0771a5d8b149,4.0,5.0,6.0
90385b75-f8e3-4f1c-980d-ddacd1d8e369,,,
90f3f7c8-023d-4927-aa46-d652d776989b,10.0,12.0,12.0
91895d70-118b-4f83-9bd5-3bb88835dccc,,,
91b89855-e870-429c-99eb-31bcd423d5c6,,,
91dcbfe0-eb3a-4dc7-88a0-837bfddb5208,3.0,3.0,3.0
925f6019-bae0-47df-9016-0a470c7cadc4,6.0,6.0,6.0
926cdd2f-6b06-4c14-b1a4-d171e6994216,9.0,10.0,12.0
92880976-a1d7-4c08-b5a4-4d001a5526d4,,,
931138b8-cc85-4f49-b0dd-5f4034aa600b,,,
938fc2bb-e8b0-4ffd-bca0-41a0ce1d45de,,,
93d4d3cf-e4c6-4212-a7e7-05107a38c097,4.0,5.0,6.0
93d8de4e-f1e9-4ae6-916c-237386c19427,3.0,3.0,3.0
940c665e-2548-4aab-8975-18d370d67df8,3.0,3.0,3.0
946aeeab-410d-4e60-bbfb-7d2f60a74161,3.0,3.0,3.0
94b41f0e-1c8f-4f75-ad65-1ccc2f498694,3.0,3.0,3.0
94b54abf-5017-4cd2-8656-b068185d7430,3.0,3.0,3.0
94e08e0e-65d0-4da3-9601-7596ba492d37,4.0,5.0,5.0
950b921d-31b8-417b-b1f2-a10052a8885e,,,
95133ec0-00c3-4533-a9d8-278181419e43,3.0,3.0,3.0
956cd82d-e3f2-4a73-be22-f4f04312b374,3.0,3.0,3.0
9647b351-8898-43ad-990a-a2d890d73bf8,4.0,4.0,8.0
96504fbf-f927-41e3-b935-cdf56bf00c79,4.0,4.0,4.0
96648e6d-8143-4c96-83ba-c073ae2ad641,3.0,3.0,3.0
9696ee65-b309-4518-a9b7-09d3d8c6b80d,4.0,7.0,8.0
971b4c7d-63a1-46ca-b9ed-95a69128b18f,4.0,4.0,4.0
971e1563-6863-4482-a4a2-44dfc8454b69,8.0,8.0,8.0
97a0f231-5cbb-471c-bbfb-951b06f46667,3.0,3.0,3.0
98d28865-292f-4427-b910-c725fea346f1,,,
98e94c4f-2a0c-4baa-836a-cb2dcd06f80a,5.0,5.0,5.0
994ed3b4-4b24-451a-b764-fdf10f3da043,3.0,3.0,3.0
996f405c-0949-4c1d-b69f-aa6f72e81324,,,
99fb1bac-a6e5-49c0-b2ee-23b1212b43ea,3.0,3.0,3.0
9a1122a6-901a-4d9b-8c04-7ac0e3e515d6,4.0,4.0,4.0
9a229af4-e5ab-4345-a0f0-6b8db4a70012,8.0,8.0,8.0
9b959e5f-db2d-4d89-90f2-ab85e520e96e,,,
9ba0f657-c0b5-4c22-96fa-b48ba32d3482,3.0,3.0,3.0
9c0c9e84-234a-4b16-acaf-5f9bcfc40dff,4.0,5.0,6.0
9cfcd62d-d653-4e67-b8e1-2db42a2058d9,3.0,3.0,3.0
9d280c47-c560-4609-9868-9d42dcae6de3,8.0,8.0,8.0
9dba2af6-ea08-4726-b202-9f003ef6c459,6.0,7.0,8.0
9def4077-3b97-41b7-92a4-e9672e4b6d46,,,
9e008d4a-e7b3-4560-847e-0867bc60cf4b,3.0,3.0,3.0
9e3d997a-843d-4035-9783-679e66aa42a1,6.0,6.0,6.0
9e44fe8c-f13d-4ae9-8a82-2beb4d6d0f70,,,
9e4a544b-4123-46e0-b248-2099b5018b23,3.0,3.0,3.0
9ec79143-a484-4316-b181-47637e557c7e,,,
9f4b7da4-77ca-477a-8209-329851434b29,5.0,5.0,5.0
9fca8ff8-57f3-445c-b37c-5923487c0e7d,5.0,6.0,7.0
9ff0946e-fb56-4292-99f9-71110111576d,3.0,3.0,3.0
a02c7577-ed7e-4b52-9604-f56ec14685e6,4.0,5.0,6.0
a11dd8ec-47d5-43d1-ab05-3c339aa7294f,,,
a1385816-ade9-46ee-8a6c-ddc89d995d8d,,,
a1a6889c-0e33-4f65-beab-5d6de71640bd,8.0,8.0,
a1c7710e-cb34-4f59-9acf-e9155648d787,,,
a2139bc6-3017-45c1-b302-41e46f1a11b6,3.0,3.0,3.0
a279b5b0-041b-4e3a-96d2-3ec3191aed2c,,,
a2f4de41-d10f-43e7-bffa-5412ae0f60db,,,
a2f5bf7c-9868-4e96-ba5f-82992a685b4b,4.0,5.0,6.0
a31ad045-eb97-4a12-9800-62bf4b3d5d6b,3.0,3.0,3.0
a337b10b-b409-4528-a3b0-aee2198f7822,7.0,8.0,10.0
a3a8f769-9bc4-46a3-b016-57144a216fda,3.0,3.0,3.0
a3e28565-6988-4267-8c3b-d68485294b94,,,
a3f38f3a-3069-455e-a0e5-ef876bd25fec,,,
a45a9c85-814b-458f-a1c5-b76b927e989f,,,
a475cbd6-a263-4134-9b74-360dfe7f6ee6,,,
a6cadbb0-631c-4076-b3cd-dbbc158f5fcc,4.0,5.0,5.0
a6fad0c2-c3e8-43d2-a217-0af32eaa606e,3.0,3.0,3.0
a71963af-92dc-4605-960c-4d504c94bdeb,11.0,11.0,11.0
a72aa017-9fbe-496f-af0b-daf23f0b9228,3.0,3.0,3.0
a77396ab-d36c-4219-8d8d-029d0471bb4a,,,
a782d1bf-1b9c-40bd-9e62-9231d7a55e69,,,
a7a78e20-3881-49fc-b131-decb9485b3fe,4.0,4.0,4.0
a8167093-b5ac-4ba2-883d-c2fad7ac9bcf,9.0,9.0,9.0
a820e822-8372-4bc3-958d-1f6f759a1575,10.0,10.0,10.0
a87612b0-3634-4e3d-8daf-084a76c8d142,5.0,6.0,6.0
a87d7969-ce91-4240-9870-752e6fad1293,11.0,11.0,11.0
a9194548-5c2a-4312-8c0b-f65a0b455047,4.0,4.0,4.0
a9264b26-9208-45cb-8ff2-ce4f72deb335,,,
a9513271-708a-4264-bd0f-87ae831808f2,,,
a99d3258-3f86-4e76-8cd7-b53fb7f57e4c,4.0,6.0,7.0
a9e17079-91e3-4900-ac61-ae258a406032,7.0,7.0,7.0
a9ecafd0-7b65-4610-a72c-d61ac41b5907,,,
aa79781a-c151-4f2d-87a9-66da78dd1b51,,,
aa96f190-998e-43ec-ba51-9743947ea4c1,6.0,7.0,8.0
aab8df8b-65d1-4592-8649-4b8fa2ac4c4b,3.0,3.0,3.0
ab3246a0-61c8-48f4-be11-2b5c8a86c216,,,
ab4f6914-9960-4beb-9559-70cd397be6fa,3.0,3.0,3.0
ab6553d3-6180-47e4-ae8c-4add4a3c2840,7.0,7.0,7.0
ab6a746f-ebc9-4ab7-b238-17d34570267a,4.0,5.0,6.0
aba56744-8ee6-4db6-910c-c767bb670268,4.0,4.0,5.0
ac1f984c-8e50-4192-9f75-22be4a684fff,3.0,3.0,3.0
ac439ba5-45e6-441b-9ca0-83221487a604,,,
ac49dc54-7198-4c40-8c39-058249c0a567,5.0,5.0,5.0
ac55ddc1-0026-4257-9b50-8800ea8b4a6d,,,
ac6a9b8c-630d-4074-ac84-c2d2729f4c9a,4.0,5.0,7.0
ac89e88a-aa41-4902-9824-aee8b5f69016,3.0,3.0,3.0
ad036196-2292-4d7c-b324-b9e0ffcf71a2,5.0,5.0,5.0
ad245b5a-1a89-42f0-b967-042088c8446a,5.0,6.0,8.0
adef2eb4-fd6f-4e0c-af35-c994de2cfe5d,3.0,3.0,3.0
ae11b2b3-2ae8-4b51-94c5-70a2c3cf6483,,,
ae33f9ea-a9cb-4e7a-8c16-9e328e1d4ded,,,
aef050d1-12b3-4217-92e4-1f64f077dbd0,3.0,3.0,3.0
af1e6518-8e9c-49aa-aa16-dce8f7e3d96e,3.0,3.0,3.0
af2989fb-a0b4-44b0-b8d7-4a3515be8935,,,
afd80683-7b92-42aa-a009-866701e658c9,4.0,4.0,4.0
afd89134-949a-4546-8d2a-2ed0afbb2afb,6.0,7.0,8.0
afe9df54-baa2-4c1d-bbfe-948b91e763e0,,,
b124b4d6-ee62-400f-8eee-2ced68451772,4.0,4.0,4.0
b12c05b1-b1aa-4533-9512-b56bcb9403d9,3.0,3.0,3.0
b1cd45c0-fce9-454c-8b80-9e4677b52c1b,,,
b1e21364-d21f-46cf-8e52-6e87fea00249,4.0,4.0,4.0
b1f12c56-4cf1-4e57-a99d-925c21448b8e,6.0,7.0,9.0
b236d82a-08ba-4d23-b8d9-65a6ee0a63f9,3.0,3.0,3.0
b250b829-6b85-4d6b-a287-1e057ab46778,,,
b268db3e-a04f-41d2-ba2e-40a2ae2bb408,4.0,4.0,5.0
b27689b5-8f4d-435d-b557-5b0e68f65cdc,,,
b33af167-2bf3-4fd3-ae6a-18b29da75b30,3.0,3.0,3.0
b341740d-b142-4423-bc7a-3eb3a7f667e5,,,
b3eab45d-3308-4fa4-abe2-3f3b1f26d2df,5.0,5.0,5.0
b421c2cc-7526-4f18-b54b-64b29ec61060,4.0,4.0,4.0
b4c21561-531f-4954-bebb-89e3cc75f0f2,12.0,12.0,12.0
b4d80898-8acc-4358-a884-81eea8f17785,,,
b4e6ac88-8e89-4dd6-b49c-57c9856ee517,,,
b545ac6b-9d11-4f7d-a688-36184d00d7a1,3.0,3.0,3.0
b6cff8ad-90e9-4195-8841-a300881a2122,3.0,3.0,3.0
b70a2039-555f-4bd1-8e2d-87cbedd0efdc,,,
b79fe142-94e6-4b72-8f19-5152f50466ac,3.0,3.0,3.0
b84992bb-3e2b-4385-a9c7-b435125bd3b4,5.0,5.0,5.0
b85396ec-bf03-43e1-96c1-b7f4fd9d1886,4.0,6.0,6.0
b9521e6c-bd99-4f9b-ae70-19135dc74c51,3.0,3.0,3.0
b95ab5d0-0e04-4c73-bc60-501fde9f4199,3.0,3.0,3.0
b9afed5a-c36c-4ea5-b60d-4d58298c25b8,4.0,5.0,6.0
b9b0db5f-99b1-40c0-840e-41fc4237aa99,4.0,4.0,
b9ca626e-1dcc-46f9-be3c-5e37eb903f41,3.0,3.0,3.0
b9cab5f6-1826-4cd7-bf80-d514b643740f,4.0,4.0,4.0
b9e1a22e-8182-40d3-8bda-d6be917606dd,5.0,5.0,5.0
ba0e992b-e41f-4c03-90c1-a7d9d7851921,3.0,3.0,3.0
ba2977cc-b1e8-49b1-8d71-abfb89adc6a9,5.0,6.0,6.0
ba45373c-cc3c-4512-8b1f-8715ea7a0a30,,,
bb0dbaf9-51f8-4490-b2f6-1ae6d07671e0,4.0,4.0,4.0
bb48d7a4-e5ce-4384-9829-9eed594831fc,3.0,3.0,3.0
bbe71dfb-456d-448c-9453-7257ee982448,4.0,5.0,6.0
bc11a111-e407-4f76-8093-09f79500ea87,,,
bc3634fa-ec6b-4931-b7bc-5205f298b5f6,7.0,8.0,9.0
bc746934-7138-435d-bb92-5e76d92def2f,3.0,3.0,3.0
bc74d30b-db89-4c5a-a69d-8c965d3f7e9b,5.0,8.0,11.0
bc839ccd-4c65-4158-80dc-c85cc64c3804,,,
bcb07ca3-e200-4e1e-bc56-e8bfb61ee146,,,
bcc8a77f-e95a-4474-be38-a810b075b9aa,8.0,8.0,8.0
bd3aeadf-3349-4ba5-96ee-73488082e0a2,8.0,8.0,8.0
bd603e43-bf0a-4b71-9ff3-4d1fc11eb358,3.0,3.0,3.0
bd9454be-3441-4142-95c1-b1870ee129c2,5.0,6.0,7.0
bdcb7437-f3e0-4d63-8087-14a0de272d79,6.0,6.0,6.0
beed9b39-27ff-4694-9449-e4910ff5b4dc,,,
bf744b10-b0f1-47bc-a786-1dd906d0740d,,,
bf83c297-d11f-4de0-bd97-4be4b84e5ffe,5.0,5.0,5.0
bf997d28-0e91-46a4-a5b2-44d127a3fc30,6.0,8.0,9.0
bfb2bb9a-bb7a-487c-ad13-098d4e339175,,,
c02bd6ac-de77-4e58-b234-dca99b28fe47,5.0,5.0,5.0
c0b5aa14-7425-4d74-83b5-7fa25aec0762,4.0,4.0,4.0
c0d16e3e-df39-4614-9f5a-6fda6cf53bdc,6.0,6.0,6.0
c19924a2-ced4-4738-ac39-f2f92d77ae14,4.0,5.0,6.0
c19ec5c9-4d37-4f56-9298-088245466c2c,,,
c2169778-b09f-49d9-8ad3-2ad9c000dd15,4.0,4.0,4.0
c2255a75-f374-4fdb-b2c7-0483d768bb92,4.0,5.0,6.0
c240dadc-4004-4e05-aa76-f2fb000925f1,,,
c258c808-12cb-42d8-b98e-1259ddae83cb,,,
c25e7e4a-4348-4ee0-ab8c-94a065f0b45d,3.0,3.0,3.0
c26c471c-8610-4bc1-914d-5433575380dd,,,
c27f8b6b-aa55-47e2-8d9a-241e9e090411,,,
c2ed7ce9-ecd7-458b-8f4f-86223b1b1d63,3.0,3.0,3.0
c37bc219-a98f-41d4-a858-f3997247edaf,,,
c4006d00-da12-406e-a4e3-d376083dfd0c,3.0,3.0,3.0
c405fa97-fe17-4da0-95cf-bfb7edc227f9,,,
c43b924a-2a63-44af-98f0-963c6032772e,6.0,6.0,6.0
c45ed50d-f7a6-498b-a35e-68f7ee46a1f9,7.0,7.0,7.0
c4f3b206-cbc5-46b7-8712-39ec409cbf01,4.0,5.0,6.0
c4fbff12-f2e9-4e3e-8fef-a13ced8f0f19,3.0,3.0,3.0
c50e65d1-d666-40b4-bc76-f971126cf961,,,
c5831407-aa42-4b0d-9c80-e49cede88ee3,3.0,3.0,3.0
c62366e6-360d-43d7-a4b5-fb764017d89d,,,
c642a9fe-bb7a-413d-abc1-5aa2ae6f1395,,,
c64a38bf-845c-4b01-bf07-a812d67037fa,4.0,4.0,5.0
c7581848-7dc8-44e1-a6e3-8189ba4784ef,5.0,5.0,5.0
c77e3404-4457-440e-8f65-1fd48a667f0c,4.0,5.0,6.0
c7b0fa7c-bb09-46f1-9770-6636b57fbe6d,,,
c801428e-3ef1-4033-bfc4-ecf475571c27,4.0,4.0,6.0
c801cc87-c635-40dc-8dd5-448f46ad6b7a,4.0,6.0,6.0
c810bfae-5514-45fe-9a08-4fde7d2584dc,,,
c85b14d6-5d9f-47f8-a2b6-bed5061b5ab4,4.0,5.0,5.0
c85feade-0ec1-4144-9487-e9d7c56fa937,5.0,5.0,5.0
c97f2cfe-1f75-46a6-8cea-ac739eae7d37,,,
ca7101fa-b3bb-4c13-a63b-14f89f3b6f11,6.0,7.0,10.0
ca9d5692-245d-4997-9d6a-0e06ad8a93f7,6.0,7.0,8.0
cab41087-c44d-4b08-8e5c-67fb16bbf6c9,3.0,3.0,3.0
caf33f29-a4f0-4350-a9a9-5c90ee3f99f6,3.0,3.0,3.0
cb058fc3-5258-484f-9c3a-ac0670658e58,,,
cb45c313-e0cd-4fac-80b1-a2e83aed9b27,3.0,3.0,3.0
cb9da1e4-f896-4fde-807c-6201b286e3af,,,
cbb6ba91-be1d-4d8e-a2d1-c373c259756f,6.0,7.0,9.0
cbf1d886-f9ad-43dc-af0c-4b1a0531e7c2,5.0,5.0,5.0
cc720a1b-acfe-49aa-898d-ee03d380cfde,4.0,5.0,7.0
cce64337-2647-4ca9-8a42-f47c3b07633a,7.0,9.0,11.0
ccf45c51-45d1-4b15-90f3-79d33cb228d6,4.0,4.0,5.0
cd1eb671-3b12-4fad-8c34-6c13a951a5af,3.0,3.0,3.0
cd40bcac-0aab-4ba6-823d-874ae3a3c98c,3.0,3.0,3.0
ce47d494-bbc4-4eb0-8c91-88d34fbb8c31,3.0,3.0,3.0
cef9427d-a240-45f3-9ae7-b13382a4b0ed,,,
cf36c182-297e-40c8-9997-a98765a3395d,,,
cf6d9d10-989d-4a66-87f2-82b6060ef866,4.0,4.0,4.0
d0210d09-c634-4a0c-a7de-276701291383,4.0,6.0,8.0
d038a5ee-0ea1-47ac-86ed-6f1c459d6752,4.0,4.0,4.0
d0481304-7af6-438d-9d59-991b8bf7ba53,4.0,5.0,6.0
d1bdebf6-812b-4d92-9684-23c8a0dc8928,4.0,4.0,4.0
d209796f-8b73-48f4-834c-9e394007af2e,5.0,6.0,7.0
d217099a-53a2-4a45-b574-35fd7ac8c1a4,,,
d23c1699-5110-48f3-a085-1b1e522f3532,3.0,3.0,3.0
d27ae65c-0bf1-445c-9712-6347ac96fd5e,5.0,5.0,5.0
d3705862-f5ca-43a8-9495-d6f7c4a0c5c0,5.0,6.0,7.0
d38b2f9b-681c-47b5-a595-76f7057e05d2,,,
d498c573-2483-4e74-846b-fb00de86cb0b,4.0,6.0,7.0
d4c82510-f642-4714-8195-2a69030e8e8d,9.0,10.0,11.0
d4f30bb4-152f-4ecf-8b99-75f06a2e5e50,5.0,6.0,6.0
d528a17b-8d26-46bc-91a6-c62b3a89d8d8,3.0,3.0,3.0
d598a489-de7f-4fdc-a7cc-a29070d79b19,7.0,8.0,9.0
d60928ef-4cf6-42ec-a2ce-31c64f732016,4.0,4.0,4.0
d61cd586-5d3e-4bf7-ac0c-c31120e050a9,6.0,7.0,9.0
d63ae0ca-4fbf-4fb0-90db-0deeb456a410,3.0,3.0,3.0
d64a2f5d-8170-4908-ae7f-67ce23baf823,6.0,6.0,7.0
d6854714-14e7-4e53-b5ed-f3b0b84564d2,,,
d6e46ad2-4e68-42d2-84d6-9f82d4acf64e,5.0,6.0,7.0
d71fd2e5-84b8-4a52-b01d-a5db47fa6a83,4.0,5.0,5.0
d76e8982-eb75-45a6-bc30-4a17854756a3,3.0,3.0,3.0
d776c35d-4a0e-432f-8085-a3dbdc8dac31,,,
d798fbae-9b75-4c99-a5d6-eebc6863cc3a,,,
d7caf004-e724-42d0-80fc-42af5fb3c23b,3.0,3.0,3.0
d8359ab0-4901-402f-9cc1-4af57d747498,10.0,10.0,10.0
d8441657-4d8d-44ea-8fae-587ae32d7479,,,
d846e630-c519-4335-b7b4-f25651b39be3,3.0,3.0,3.0
d87a2907-688f-4b7e-af5d-f0e4b0ee8013,6.0,7.0,8.0
d8a41b08-75c1-4628-ad2c-c614f2cb5db2,,,
d90861e1-093f-4f90-ab15-ac4525210911,,,
d9a123e6-3472-42da-a439-71c4e8db2978,3.0,3.0,3.0
d9dba12d-10e9-4fbc-9859-195ad5d863ff,5.0,5.0,6.0
da1174b1-1691-43ff-92b1-4653d5737131,,,
dabdcdfa-bc80-4231-b34c-4eb327b82448,,,
dae967be-f4d2-4964-a766-0b43b1aa65f5,3.0,3.0,3.0
db5e2859-5f62-4646-a07a-89e609c1b2b3,,,
db60dfdb-6d7d-425c-bad9-eeea75433d0b,3.0,3.0,3.0
db9ec436-dbf5-433f-a436-665e235a575a,3.0,3.0,3.0
dbb945be-b9ec-471e-9121-ecec1f44917e,4.0,7.0,7.0
dbc763c1-d705-4b78-aa3b-d4a196b78000,5.0,5.0,5.0
dc1c8183-15f6-42ed-a73e-20a273251fb6,4.0,4.0,5.0
dd6356ac-c8a9-4d93-ad69-9f276335fcd4,3.0,3.0,3.0
dd7b585d-1bf8-47bf-acc8-ddeef067a569,4.0,5.0,6.0
dde9f928-772e-4f59-96ca-6c8c6bff9955,4.0,5.0,6.0
de34dc24-7f22-437d-9da0-8fd923a0ee22,3.0,3.0,3.0
de35bc91-887a-4f1e-926c-168281a3cab8,9.0,9.0,9.0
df0132cd-491f-4d2e-a17b-b88d1890b800,4.0,5.0,5.0
dfa01a7f-84c9-4517-ac04-1a17e3fe35f6,4.0,4.0,6.0
e087dc81-7a83-4739-a3d9-1fbe7a485573,3.0,3.0,3.0
e094fcfe-14bb-438a-878c-d931c9094771,,,
e0be2b20-a50d-469d-a550-92f6e7fbe1cc,4.0,5.0,5.0
e0e9bd5c-b271-4cf7-a2ee-be2468ed512b,,,
e1024080-a385-426a-801e-1297d19a6401,,,
e1030e99-4304-4f02-9e81-6ef2d2514861,8.0,8.0,8.0
e1588f69-1723-4823-96c7-2eb2fe047f2a,3.0,3.0,3.0
e169cef7-5dc9-4308-9ad5-4932dc8eb22a,4.0,4.0,4.0
e1acbf18-93ba-428e-abd7-0a4088e5a472,4.0,5.0,6.0
e1fbd44c-ec71-44f4-8b7c-bfd252e9e257,9.0,9.0,9.0
e293b545-d096-4dc3-8dba-b408b1040746,9.0,9.0,9.0
e2a672e4-e175-4493-a0a2-19ab87e92975,,,
e2d54323-2f85-4905-b78a-f674881073cb,5.0,5.0,5.0
e34c3acd-11d1-45fe-a48f-29bc6ff57cb0,4.0,5.0,6.0
e35da912-eb5c-4aee-bb60-254edaeec47b,,,
e35f3617-8986-4b06-a678-fb44c640f604,,,
e3929d16-3079-43e5-ad16-9a87ac0e6388,3.0,3.0,3.0
e5544f6c-c421-4ff4-ab75-3d295b4eb1d9,4.0,5.0,5.0
e5c5f87b-d53b-4416-a092-c76579ef654f,4.0,5.0,5.0
e6280c9a-ebe7-479a-a8b8-51be40390ae5,,,
e6ff42f2-2811-4066-93c2-15ef39ac6b25,3.0,3.0,3.0
e70c0f06-83a8-4cb0-bf13-f41523081695,5.0,6.0,8.0
e717e799-3065-4511-8b8b-350210cd01ea,,,
e76eaaa8-2b5f-4c44-9a62-145ce939d4d7,3.0,3.0,3.0
e87a2363-e7be-4d28-a21a-a6a1c04697b5,3.0,3.0,3.0
e88c51fc-64d6-4253-8915-00445a80dc73,3.0,3.0,3.0
e907386a-ff11-40ed-b87c-252863c54014,,,
e9fa7393-d5c3-4097-8ad0-c0492da9440a,5.0,6.0,7.0
ea0a9174-8a21-4f26-9d8f-2c0fe9d92c24,,,
ea8e5db1-3c71-4d5e-abf3-a7d6656f28e7,3.0,3.0,3.0
eac4b7dc-8bd8-4f21-b67e-33d77f08a9ab,3.0,3.0,3.0
eb15ed33-4ce4-436b-ad84-bf225ef80831,3.0,3.0,3.0
ebc7fdbc-686d-40f3-80b6-f111fa7b6022,6.0,7.0,8.0
ec03fc49-58c6-4e87-aa7a-7235cd02188b,,,
ec38c0d7-03be-4846-965c-b1accf9cdf54,,,
ecb1d873-0b8d-4e32-8a2b-2d94f196a161,,,
ecb819ed-3a21-4392-b9ed-822c73dd7926,5.0,6.0,6.0
ed2946e6-a70c-4cad-9cdc-9393d4c86d65,,,
ed360f8f-0d09-4427-8cc0-957962db7f01,4.0,4.0,5.0
ed3d8322-7f25-4bb2-93da-1f63d32e9ceb,7.0,10.0,10.0
eda4fd09-a930-4889-a5b0-5c220c3c0729,5.0,6.0,8.0
ee02d51f-b13b-448f-87d5-e0b7d8010e3c,,,
ee38cdba-fe42-47e7-8bf8-f0924105fd65,6.0,7.0,8.0
efce2f60-78ba-4ab1-ab90-248d48a8770b,,,
efff1e5b-c70d-4185-8c58-facc6c8f14ae,,,
f020b600-b332-4043-990a-e0d6efe58c0c,3.0,3.0,3.0
f02740a0-4363-47f9-91c3-ab2fe5c4defa,,,
f06375de-baac-4315-a57a-53d96495627e,3.0,3.0,3.0
f11acbe3-c86f-4ffb-9717-869a0d1d1d26,,,
f202f772-bf5a-47df-8d56-049c09e57f80,,,
f22246bc-502b-46fd-bf27-e59221e6255e,6.0,7.0,8.0
f3274703-d933-4158-9aaf-c68a23de4fc5,3.0,3.0,3.0
f37a4e3d-5ab5-4466-ba37-4f2c65b016d5,,,
f3ce98c4-a497-4ec3-ad9e-8e0206350f8b,,,
f439d0b2-e926-424b-b5ce-febb2419a150,3.0,3.0,3.0
f4683012-67d6-4678-9a55-b3d8073e8e84,4.0,5.0,6.0
f4716e3b-66f5-46ee-839a-ee2c1a9659be,,,
f4bd9362-9450-4286-9c11-e428f9a0076a,4.0,4.0,4.0
f59d3991-c374-454f-b665-5290c9c9a894,3.0,3.0,3.0
f5aba4a4-5af0-416e-963d-06e81053f18c,3.0,3.0,3.0
f5e538cd-fbd9-4696-bfa1-0d795dc2337e,7.0,8.0,8.0
f648bb0a-4bf3-4df0-a456-64a0a4fa7f9d,7.0,8.0,9.0
f68aebae-c81c-4ad1-b7e0-70a2702c0456,5.0,5.0,5.0
f68fbfd2-e579-4efa-b979-54400edcaf96,4.0,4.0,4.0
f6c40b37-c448-4d95-83b8-f8a98597c4dd,3.0,3.0,3.0
f6c47977-46e5-4e25-ad57-1de2ad0c417e,4.0,4.0,4.0
f76ef5ad-7dec-4c05-baae-5dd2d1c8daeb,,,
f81565c6-94cb-49f6-b70f-c10170a1cd95,5.0,6.0,6.0
f821b8a4-12cd-4956-9d6d-be8de24469ae,4.0,5.0,6.0
f83fe174-849a-4dee-bf37-225248218009,3.0,3.0,3.0
f95f2c06-767d-4185-ac6d-508ad63767c3,3.0,3.0,3.0
f9d45105-4363-402b-a548-5175385dbf01,,,
f9ea0f0f-c6b3-455c-8618-cc5965b74a51,,,
fa6a6888-69a4-40c6-a06f-ed3ea1d632b7,,,
fae00580-859d-4006-b961-3dec107c308b,3.0,3.0,3.0
fb184296-61ab-4acb-b043-555dd2c71b93,4.0,5.0,7.0
fb36783e-3d5b-4139-b2a1-94d53a4e7d5a,,,
fb49baf3-1024-4647-be28-b2a571b7e9d1,7.0,9.0,9.0
fbadced4-0cd1-4d04-9d69-3fb87e241e8c,4.0,6.0,7.0
fbba854d-3a4d-485e-94aa-69d2822a7208,3.0,3.0,3.0
fbdc5040-76f3-44fc-b1d4-a5324e3dbbfb,5.0,6.0,7.0
fc1a006a-86e3-40b8-a0ce-0deac44d1a2c,12.0,12.0,12.0
fc4049c0-1efd-4527-881f-9c4e6d134b74,8.0,8.0,8.0
fdc51505-3b77-48c7-a0d3-f29d7ffd1992,,,
fe2f3c01-e002-4d55-aaa0-76e6fa87707b,,,
fe8ed2ff-ce2f-42eb-97eb-945ce9aae713,5.0,5.0,5.0
feb2d6f5-d8d6-45ae-943c-32d0b5b13eea,,,
fef406e6-c02e-465c-a5c2-ac4494eb5f2d,,,
ff4f8f55-bec5-42fb-acf0-f60c5b5a14ba,,,
ff8fcf4d-405d-4828-9724-177f1228d636,3.0,3.0,3.0
